[{
    "model": "admin.logentry",
    "pk": 1,
    "fields": {
        "action_time": "2024-02-16T17:18:13.977Z",
        "user": 1,
        "content_type": 7,
        "object_id": "1",
        "object_repr": "owlbookstore.example.com",
        "action_flag": 2,
        "change_message": "[{\"changed\": {\"fields\": [\"Domain name\", \"Display name\"]}}]"
    }
}, {
    "model": "admin.logentry",
    "pk": 2,
    "fields": {
        "action_time": "2024-02-16T17:25:25.338Z",
        "user": 1,
        "content_type": 8,
        "object_id": "1",
        "object_repr": "test@test.com",
        "action_flag": 1,
        "change_message": "[{\"added\": {}}]"
    }
}, {
    "model": "admin.logentry",
    "pk": 3,
    "fields": {
        "action_time": "2024-02-16T17:25:33.338Z",
        "user": 1,
        "content_type": 8,
        "object_id": "1",
        "object_repr": "test@test.com",
        "action_flag": 2,
        "change_message": "[{\"changed\": {\"fields\": [\"Verified\", \"Primary\"]}}]"
    }
}, {
    "model": "admin.logentry",
    "pk": 4,
    "fields": {
        "action_time": "2024-02-18T15:10:13.580Z",
        "user": 1,
        "content_type": 13,
        "object_id": "1",
        "object_repr": "DC",
        "action_flag": 1,
        "change_message": "[{\"added\": {}}]"
    }
}, {
    "model": "admin.logentry",
    "pk": 5,
    "fields": {
        "action_time": "2024-02-18T15:10:43.546Z",
        "user": 1,
        "content_type": 13,
        "object_id": "2",
        "object_repr": "Superman",
        "action_flag": 1,
        "change_message": "[{\"added\": {}}]"
    }
}, {
    "model": "admin.logentry",
    "pk": 6,
    "fields": {
        "action_time": "2024-02-18T15:11:01.597Z",
        "user": 1,
        "content_type": 13,
        "object_id": "1",
        "object_repr": "DC",
        "action_flag": 2,
        "change_message": "[{\"added\": {\"name\": \"from_category-to_category relationship\", \"object\": \"Category_subcategory object (1)\"}}]"
    }
}, {
    "model": "admin.logentry",
    "pk": 7,
    "fields": {
        "action_time": "2024-02-18T15:11:44.959Z",
        "user": 1,
        "content_type": 13,
        "object_id": "2",
        "object_repr": "Superman",
        "action_flag": 3,
        "change_message": ""
    }
}, {
    "model": "admin.logentry",
    "pk": 8,
    "fields": {
        "action_time": "2024-02-18T15:11:48.402Z",
        "user": 1,
        "content_type": 13,
        "object_id": "1",
        "object_repr": "DC",
        "action_flag": 3,
        "change_message": ""
    }
}, {
    "model": "admin.logentry",
    "pk": 9,
    "fields": {
        "action_time": "2024-02-18T15:22:59.570Z",
        "user": 1,
        "content_type": 13,
        "object_id": "3",
        "object_repr": "DC",
        "action_flag": 1,
        "change_message": "[{\"added\": {}}, {\"added\": {\"name\": \"subcategory\", \"object\": \"Superman\"}}, {\"added\": {\"name\": \"subcategory\", \"object\": \"Batman\"}}, {\"added\": {\"name\": \"subcategory\", \"object\": \"Wonder Woman\"}}]"
    }
}, {
    "model": "admin.logentry",
    "pk": 10,
    "fields": {
        "action_time": "2024-02-18T15:23:49.595Z",
        "user": 1,
        "content_type": 13,
        "object_id": "4",
        "object_repr": "DC",
        "action_flag": 1,
        "change_message": "[{\"added\": {}}, {\"added\": {\"name\": \"subcategory\", \"object\": \"Superman\"}}]"
    }
}, {
    "model": "admin.logentry",
    "pk": 11,
    "fields": {
        "action_time": "2024-02-18T15:24:12.856Z",
        "user": 1,
        "content_type": 13,
        "object_id": "4",
        "object_repr": "DC",
        "action_flag": 3,
        "change_message": ""
    }
}, {
    "model": "admin.logentry",
    "pk": 12,
    "fields": {
        "action_time": "2024-02-18T15:32:45.387Z",
        "user": 1,
        "content_type": 13,
        "object_id": "3",
        "object_repr": "DC",
        "action_flag": 3,
        "change_message": ""
    }
}, {
    "model": "admin.logentry",
    "pk": 13,
    "fields": {
        "action_time": "2024-02-18T15:53:55.422Z",
        "user": 1,
        "content_type": 13,
        "object_id": "1",
        "object_repr": "Marvel Universe",
        "action_flag": 1,
        "change_message": "[{\"added\": {}}, {\"added\": {\"name\": \"subcategory\", \"object\": \"Avengers\"}}, {\"added\": {\"name\": \"subcategory\", \"object\": \"Spider-man\"}}, {\"added\": {\"name\": \"subcategory\", \"object\": \"Iron-Man\"}}, {\"added\": {\"name\": \"subcategory\", \"object\": \"Deadpool\"}}, {\"added\": {\"name\": \"subcategory\", \"object\": \"Wolverine\"}}]"
    }
}, {
    "model": "admin.logentry",
    "pk": 14,
    "fields": {
        "action_time": "2024-02-18T15:55:48.354Z",
        "user": 1,
        "content_type": 13,
        "object_id": "2",
        "object_repr": "DC Universe",
        "action_flag": 1,
        "change_message": "[{\"added\": {}}, {\"added\": {\"name\": \"subcategory\", \"object\": \"Superman\"}}, {\"added\": {\"name\": \"subcategory\", \"object\": \"Wonder Woman\"}}, {\"added\": {\"name\": \"subcategory\", \"object\": \"Aquaman\"}}, {\"added\": {\"name\": \"subcategory\", \"object\": \"The Justice League\"}}, {\"added\": {\"name\": \"subcategory\", \"object\": \"The Flash\"}}, {\"added\": {\"name\": \"subcategory\", \"object\": \"Batman\"}}]"
    }
}, {
    "model": "admin.logentry",
    "pk": 15,
    "fields": {
        "action_time": "2024-02-18T15:56:21.416Z",
        "user": 1,
        "content_type": 13,
        "object_id": "1",
        "object_repr": "Marvel Universe",
        "action_flag": 2,
        "change_message": "[{\"added\": {\"name\": \"subcategory\", \"object\": \"Black Panther\"}}]"
    }
}, {
    "model": "admin.logentry",
    "pk": 16,
    "fields": {
        "action_time": "2024-02-18T15:57:18.575Z",
        "user": 1,
        "content_type": 13,
        "object_id": "2",
        "object_repr": "DC Universe",
        "action_flag": 3,
        "change_message": ""
    }
}, {
    "model": "admin.logentry",
    "pk": 17,
    "fields": {
        "action_time": "2024-02-18T15:57:29.565Z",
        "user": 1,
        "content_type": 13,
        "object_id": "1",
        "object_repr": "Marvel Universe",
        "action_flag": 2,
        "change_message": "[{\"deleted\": {\"name\": \"subcategory\", \"object\": \"Avengers\"}}, {\"deleted\": {\"name\": \"subcategory\", \"object\": \"Spider-man\"}}, {\"deleted\": {\"name\": \"subcategory\", \"object\": \"Iron-Man\"}}, {\"deleted\": {\"name\": \"subcategory\", \"object\": \"Deadpool\"}}, {\"deleted\": {\"name\": \"subcategory\", \"object\": \"Wolverine\"}}, {\"deleted\": {\"name\": \"subcategory\", \"object\": \"Black Panther\"}}]"
    }
}, {
    "model": "admin.logentry",
    "pk": 18,
    "fields": {
        "action_time": "2024-02-18T15:57:35.420Z",
        "user": 1,
        "content_type": 13,
        "object_id": "1",
        "object_repr": "Marvel Universe",
        "action_flag": 3,
        "change_message": ""
    }
}, {
    "model": "admin.logentry",
    "pk": 19,
    "fields": {
        "action_time": "2024-02-18T16:05:16.838Z",
        "user": 1,
        "content_type": 13,
        "object_id": "3",
        "object_repr": "Marvel Universe",
        "action_flag": 1,
        "change_message": "[{\"added\": {}}, {\"added\": {\"name\": \"subcategory\", \"object\": \"Avengers\"}}, {\"added\": {\"name\": \"subcategory\", \"object\": \"Spider-man\"}}]"
    }
}, {
    "model": "admin.logentry",
    "pk": 20,
    "fields": {
        "action_time": "2024-02-18T16:05:32.563Z",
        "user": 1,
        "content_type": 13,
        "object_id": "4",
        "object_repr": "DC Universe",
        "action_flag": 1,
        "change_message": "[{\"added\": {}}, {\"added\": {\"name\": \"subcategory\", \"object\": \"Superman\"}}, {\"added\": {\"name\": \"subcategory\", \"object\": \"Batman\"}}]"
    }
}, {
    "model": "admin.logentry",
    "pk": 21,
    "fields": {
        "action_time": "2024-02-18T16:07:01.062Z",
        "user": 1,
        "content_type": 13,
        "object_id": "4",
        "object_repr": "DC Universe",
        "action_flag": 3,
        "change_message": ""
    }
}, {
    "model": "admin.logentry",
    "pk": 22,
    "fields": {
        "action_time": "2024-02-18T16:07:10.419Z",
        "user": 1,
        "content_type": 13,
        "object_id": "3",
        "object_repr": "Marvel Universe",
        "action_flag": 2,
        "change_message": "[{\"deleted\": {\"name\": \"subcategory\", \"object\": \"Avengers\"}}, {\"deleted\": {\"name\": \"subcategory\", \"object\": \"Spider-man\"}}]"
    }
}, {
    "model": "admin.logentry",
    "pk": 23,
    "fields": {
        "action_time": "2024-02-18T16:07:15.043Z",
        "user": 1,
        "content_type": 13,
        "object_id": "3",
        "object_repr": "Marvel Universe",
        "action_flag": 3,
        "change_message": ""
    }
}, {
    "model": "admin.logentry",
    "pk": 24,
    "fields": {
        "action_time": "2024-02-18T16:10:49.213Z",
        "user": 1,
        "content_type": 17,
        "object_id": "16",
        "object_repr": "Batman",
        "action_flag": 3,
        "change_message": ""
    }
}, {
    "model": "admin.logentry",
    "pk": 25,
    "fields": {
        "action_time": "2024-02-18T16:10:49.216Z",
        "user": 1,
        "content_type": 17,
        "object_id": "15",
        "object_repr": "Superman",
        "action_flag": 3,
        "change_message": ""
    }
}, {
    "model": "admin.logentry",
    "pk": 26,
    "fields": {
        "action_time": "2024-02-18T16:10:49.218Z",
        "user": 1,
        "content_type": 17,
        "object_id": "11",
        "object_repr": "Batman",
        "action_flag": 3,
        "change_message": ""
    }
}, {
    "model": "admin.logentry",
    "pk": 27,
    "fields": {
        "action_time": "2024-02-18T16:10:49.220Z",
        "user": 1,
        "content_type": 17,
        "object_id": "10",
        "object_repr": "The Flash",
        "action_flag": 3,
        "change_message": ""
    }
}, {
    "model": "admin.logentry",
    "pk": 28,
    "fields": {
        "action_time": "2024-02-18T16:10:49.221Z",
        "user": 1,
        "content_type": 17,
        "object_id": "9",
        "object_repr": "The Justice League",
        "action_flag": 3,
        "change_message": ""
    }
}, {
    "model": "admin.logentry",
    "pk": 29,
    "fields": {
        "action_time": "2024-02-18T16:10:49.223Z",
        "user": 1,
        "content_type": 17,
        "object_id": "8",
        "object_repr": "Aquaman",
        "action_flag": 3,
        "change_message": ""
    }
}, {
    "model": "admin.logentry",
    "pk": 30,
    "fields": {
        "action_time": "2024-02-18T16:10:49.224Z",
        "user": 1,
        "content_type": 17,
        "object_id": "7",
        "object_repr": "Wonder Woman",
        "action_flag": 3,
        "change_message": ""
    }
}, {
    "model": "admin.logentry",
    "pk": 31,
    "fields": {
        "action_time": "2024-02-18T16:10:49.226Z",
        "user": 1,
        "content_type": 17,
        "object_id": "6",
        "object_repr": "Superman",
        "action_flag": 3,
        "change_message": ""
    }
}, {
    "model": "admin.logentry",
    "pk": 32,
    "fields": {
        "action_time": "2024-02-18T16:24:24.221Z",
        "user": 1,
        "content_type": 17,
        "object_id": "17",
        "object_repr": "Avengers",
        "action_flag": 1,
        "change_message": "[{\"added\": {}}]"
    }
}, {
    "model": "admin.logentry",
    "pk": 33,
    "fields": {
        "action_time": "2024-02-18T16:24:33.116Z",
        "user": 1,
        "content_type": 17,
        "object_id": "18",
        "object_repr": "Iron Man",
        "action_flag": 1,
        "change_message": "[{\"added\": {}}]"
    }
}, {
    "model": "admin.logentry",
    "pk": 34,
    "fields": {
        "action_time": "2024-02-18T16:28:33.036Z",
        "user": 1,
        "content_type": 17,
        "object_id": "18",
        "object_repr": "Iron Man",
        "action_flag": 3,
        "change_message": ""
    }
}, {
    "model": "admin.logentry",
    "pk": 35,
    "fields": {
        "action_time": "2024-02-18T16:28:33.039Z",
        "user": 1,
        "content_type": 17,
        "object_id": "17",
        "object_repr": "Avengers",
        "action_flag": 3,
        "change_message": ""
    }
}, {
    "model": "admin.logentry",
    "pk": 36,
    "fields": {
        "action_time": "2024-02-18T16:35:29.587Z",
        "user": 1,
        "content_type": 13,
        "object_id": "5",
        "object_repr": "Marvel Universe",
        "action_flag": 1,
        "change_message": "[{\"added\": {}}, {\"added\": {\"name\": \"subcategory\", \"object\": \"Avengers\"}}]"
    }
}, {
    "model": "admin.logentry",
    "pk": 37,
    "fields": {
        "action_time": "2024-02-18T16:36:10.177Z",
        "user": 1,
        "content_type": 13,
        "object_id": "5",
        "object_repr": "Marvel Universe",
        "action_flag": 2,
        "change_message": "[{\"added\": {\"name\": \"subcategory\", \"object\": \"Spider Man\"}}, {\"added\": {\"name\": \"subcategory\", \"object\": \"Iron Man\"}}, {\"added\": {\"name\": \"subcategory\", \"object\": \"Deadpool\"}}]"
    }
}, {
    "model": "admin.logentry",
    "pk": 38,
    "fields": {
        "action_time": "2024-02-18T16:36:48.535Z",
        "user": 1,
        "content_type": 13,
        "object_id": "6",
        "object_repr": "DC Universe",
        "action_flag": 1,
        "change_message": "[{\"added\": {}}, {\"added\": {\"name\": \"subcategory\", \"object\": \"Superman\"}}, {\"added\": {\"name\": \"subcategory\", \"object\": \"Batman\"}}, {\"added\": {\"name\": \"subcategory\", \"object\": \"Wonder Woman\"}}, {\"added\": {\"name\": \"subcategory\", \"object\": \"The Justice League\"}}]"
    }
}, {
    "model": "admin.logentry",
    "pk": 39,
    "fields": {
        "action_time": "2024-02-18T16:47:56.175Z",
        "user": 1,
        "content_type": 15,
        "object_id": "1",
        "object_repr": "Batman Vol.1: I Am Gotham (Rebirth)",
        "action_flag": 1,
        "change_message": "[{\"added\": {}}]"
    }
}, {
    "model": "admin.logentry",
    "pk": 40,
    "fields": {
        "action_time": "2024-02-18T16:48:35.805Z",
        "user": 1,
        "content_type": 15,
        "object_id": "1",
        "object_repr": "Batman Vol.1: I Am Gotham (Rebirth)",
        "action_flag": 2,
        "change_message": "[{\"changed\": {\"fields\": [\"Publisher\", \"Illustrator\", \"Cover artist\"]}}]"
    }
}, {
    "model": "admin.logentry",
    "pk": 41,
    "fields": {
        "action_time": "2024-02-18T16:55:22.968Z",
        "user": 1,
        "content_type": 15,
        "object_id": "2",
        "object_repr": "Iron Man",
        "action_flag": 1,
        "change_message": "[{\"added\": {}}]"
    }
}, {
    "model": "admin.logentry",
    "pk": 42,
    "fields": {
        "action_time": "2024-02-18T16:55:35.775Z",
        "user": 1,
        "content_type": 15,
        "object_id": "1",
        "object_repr": "Batman Vol.1: I Am Gotham (Rebirth)",
        "action_flag": 2,
        "change_message": "[{\"changed\": {\"fields\": [\"Illustrator\"]}}]"
    }
}, {
    "model": "admin.logentry",
    "pk": 43,
    "fields": {
        "action_time": "2024-02-18T18:38:19.329Z",
        "user": 1,
        "content_type": 16,
        "object_id": "3",
        "object_repr": "Test",
        "action_flag": 1,
        "change_message": "[{\"added\": {}}]"
    }
}, {
    "model": "admin.logentry",
    "pk": 44,
    "fields": {
        "action_time": "2024-02-18T18:38:39.298Z",
        "user": 1,
        "content_type": 16,
        "object_id": "4",
        "object_repr": "test22",
        "action_flag": 1,
        "change_message": "[{\"added\": {}}]"
    }
}, {
    "model": "admin.logentry",
    "pk": 45,
    "fields": {
        "action_time": "2024-02-18T20:33:34.452Z",
        "user": 1,
        "content_type": 15,
        "object_id": "5",
        "object_repr": "Spider Man",
        "action_flag": 1,
        "change_message": "[{\"added\": {}}]"
    }
}, {
    "model": "admin.logentry",
    "pk": 46,
    "fields": {
        "action_time": "2024-02-18T20:35:51.901Z",
        "user": 1,
        "content_type": 13,
        "object_id": "5",
        "object_repr": "Marvel Universe",
        "action_flag": 2,
        "change_message": "[{\"added\": {\"name\": \"subcategory\", \"object\": \"Venom\"}}, {\"added\": {\"name\": \"subcategory\", \"object\": \"Thor\"}}]"
    }
}, {
    "model": "admin.logentry",
    "pk": 47,
    "fields": {
        "action_time": "2024-02-18T20:47:10.145Z",
        "user": 1,
        "content_type": 15,
        "object_id": "6",
        "object_repr": "Venom",
        "action_flag": 1,
        "change_message": "[{\"added\": {}}]"
    }
}, {
    "model": "admin.logentry",
    "pk": 48,
    "fields": {
        "action_time": "2024-02-18T20:49:06.078Z",
        "user": 1,
        "content_type": 16,
        "object_id": "7",
        "object_repr": "Test",
        "action_flag": 1,
        "change_message": "[{\"added\": {}}]"
    }
}, {
    "model": "admin.logentry",
    "pk": 49,
    "fields": {
        "action_time": "2024-02-18T20:49:30.584Z",
        "user": 1,
        "content_type": 16,
        "object_id": "8",
        "object_repr": "Abc",
        "action_flag": 1,
        "change_message": "[{\"added\": {}}]"
    }
}, {
    "model": "admin.logentry",
    "pk": 50,
    "fields": {
        "action_time": "2024-02-18T20:49:51.776Z",
        "user": 1,
        "content_type": 16,
        "object_id": "9",
        "object_repr": "New Title",
        "action_flag": 1,
        "change_message": "[{\"added\": {}}]"
    }
}, {
    "model": "admin.logentry",
    "pk": 51,
    "fields": {
        "action_time": "2024-02-18T20:50:12.619Z",
        "user": 1,
        "content_type": 16,
        "object_id": "10",
        "object_repr": "TestTest",
        "action_flag": 1,
        "change_message": "[{\"added\": {}}]"
    }
}, {
    "model": "admin.logentry",
    "pk": 52,
    "fields": {
        "action_time": "2024-02-18T20:50:54.925Z",
        "user": 1,
        "content_type": 16,
        "object_id": "11",
        "object_repr": "asdfasdf",
        "action_flag": 1,
        "change_message": "[{\"added\": {}}]"
    }
}, {
    "model": "admin.logentry",
    "pk": 53,
    "fields": {
        "action_time": "2024-02-18T20:51:28.193Z",
        "user": 1,
        "content_type": 16,
        "object_id": "12",
        "object_repr": "Test Title",
        "action_flag": 1,
        "change_message": "[{\"added\": {}}]"
    }
}, {
    "model": "admin.logentry",
    "pk": 54,
    "fields": {
        "action_time": "2024-02-18T20:52:11.903Z",
        "user": 1,
        "content_type": 16,
        "object_id": "13",
        "object_repr": "Zebra",
        "action_flag": 1,
        "change_message": "[{\"added\": {}}]"
    }
}, {
    "model": "admin.logentry",
    "pk": 55,
    "fields": {
        "action_time": "2024-02-21T21:44:42.572Z",
        "user": 1,
        "content_type": 18,
        "object_id": "1",
        "object_repr": "Review Test by admin",
        "action_flag": 1,
        "change_message": "[{\"added\": {}}]"
    }
}, {
    "model": "admin.logentry",
    "pk": 56,
    "fields": {
        "action_time": "2024-02-21T21:45:02.017Z",
        "user": 1,
        "content_type": 18,
        "object_id": "1",
        "object_repr": "Review Test by admin",
        "action_flag": 2,
        "change_message": "[{\"changed\": {\"fields\": [\"Approved\"]}}]"
    }
}, {
    "model": "admin.logentry",
    "pk": 57,
    "fields": {
        "action_time": "2024-02-21T21:46:35.870Z",
        "user": 1,
        "content_type": 18,
        "object_id": "1",
        "object_repr": "Review Test by admin",
        "action_flag": 2,
        "change_message": "[]"
    }
}, {
    "model": "admin.logentry",
    "pk": 58,
    "fields": {
        "action_time": "2024-02-22T23:16:07.654Z",
        "user": 1,
        "content_type": 18,
        "object_id": "1",
        "object_repr": "Review Test by admin",
        "action_flag": 3,
        "change_message": ""
    }
}, {
    "model": "admin.logentry",
    "pk": 59,
    "fields": {
        "action_time": "2024-02-22T23:16:26.162Z",
        "user": 1,
        "content_type": 18,
        "object_id": "2",
        "object_repr": "Review It is the test by ",
        "action_flag": 3,
        "change_message": ""
    }
}, {
    "model": "admin.logentry",
    "pk": 60,
    "fields": {
        "action_time": "2024-02-22T23:16:26.164Z",
        "user": 1,
        "content_type": 18,
        "object_id": "3",
        "object_repr": "Review Hellow by ",
        "action_flag": 3,
        "change_message": ""
    }
}, {
    "model": "admin.logentry",
    "pk": 61,
    "fields": {
        "action_time": "2024-02-22T23:18:50.805Z",
        "user": 1,
        "content_type": 18,
        "object_id": "4",
        "object_repr": "Review Some text by ",
        "action_flag": 3,
        "change_message": ""
    }
}, {
    "model": "admin.logentry",
    "pk": 62,
    "fields": {
        "action_time": "2024-02-22T23:22:31.852Z",
        "user": 1,
        "content_type": 18,
        "object_id": "5",
        "object_repr": "Review Review Test by admin",
        "action_flag": 2,
        "change_message": "[{\"changed\": {\"fields\": [\"Email\", \"Approved\"]}}]"
    }
}, {
    "model": "admin.logentry",
    "pk": 63,
    "fields": {
        "action_time": "2024-02-23T22:21:36.447Z",
        "user": 1,
        "content_type": 18,
        "object_id": "6",
        "object_repr": "Review This is my second review by admin",
        "action_flag": 2,
        "change_message": "[{\"changed\": {\"fields\": [\"Email\", \"Approved\"]}}]"
    }
}, {
    "model": "admin.logentry",
    "pk": 64,
    "fields": {
        "action_time": "2024-02-23T23:54:15.107Z",
        "user": 1,
        "content_type": 18,
        "object_id": "7",
        "object_repr": "Review Now It is my third review - test by admin",
        "action_flag": 2,
        "change_message": "[{\"changed\": {\"fields\": [\"Email\", \"Approved\"]}}]"
    }
}, {
    "model": "admin.logentry",
    "pk": 65,
    "fields": {
        "action_time": "2024-02-24T15:46:28.406Z",
        "user": 1,
        "content_type": 8,
        "object_id": "2",
        "object_repr": "abc@mail.com",
        "action_flag": 2,
        "change_message": "[{\"changed\": {\"fields\": [\"Verified\"]}}]"
    }
}, {
    "model": "admin.logentry",
    "pk": 66,
    "fields": {
        "action_time": "2024-02-24T19:28:28.592Z",
        "user": 1,
        "content_type": 4,
        "object_id": "2",
        "object_repr": "TestUser",
        "action_flag": 3,
        "change_message": ""
    }
}, {
    "model": "admin.logentry",
    "pk": 67,
    "fields": {
        "action_time": "2024-02-25T16:04:11.105Z",
        "user": 1,
        "content_type": 15,
        "object_id": "24",
        "object_repr": "sdfsdaf",
        "action_flag": 3,
        "change_message": ""
    }
}, {
    "model": "admin.logentry",
    "pk": 68,
    "fields": {
        "action_time": "2024-02-25T16:04:11.108Z",
        "user": 1,
        "content_type": 15,
        "object_id": "23",
        "object_repr": "sadfasdf",
        "action_flag": 3,
        "change_message": ""
    }
}, {
    "model": "admin.logentry",
    "pk": 69,
    "fields": {
        "action_time": "2024-02-25T16:04:11.114Z",
        "user": 1,
        "content_type": 15,
        "object_id": "22",
        "object_repr": "Some Book",
        "action_flag": 3,
        "change_message": ""
    }
}, {
    "model": "admin.logentry",
    "pk": 70,
    "fields": {
        "action_time": "2024-02-25T16:04:11.116Z",
        "user": 1,
        "content_type": 15,
        "object_id": "21",
        "object_repr": "New Book",
        "action_flag": 3,
        "change_message": ""
    }
}, {
    "model": "admin.logentry",
    "pk": 71,
    "fields": {
        "action_time": "2024-02-25T16:04:11.118Z",
        "user": 1,
        "content_type": 15,
        "object_id": "20",
        "object_repr": "Add Book",
        "action_flag": 3,
        "change_message": ""
    }
}, {
    "model": "admin.logentry",
    "pk": 72,
    "fields": {
        "action_time": "2024-02-25T16:04:11.120Z",
        "user": 1,
        "content_type": 15,
        "object_id": "19",
        "object_repr": "Book",
        "action_flag": 3,
        "change_message": ""
    }
}, {
    "model": "admin.logentry",
    "pk": 73,
    "fields": {
        "action_time": "2024-02-25T16:04:11.121Z",
        "user": 1,
        "content_type": 15,
        "object_id": "18",
        "object_repr": "Comic Book test",
        "action_flag": 3,
        "change_message": ""
    }
}, {
    "model": "admin.logentry",
    "pk": 74,
    "fields": {
        "action_time": "2024-02-25T16:04:11.123Z",
        "user": 1,
        "content_type": 15,
        "object_id": "17",
        "object_repr": "Here",
        "action_flag": 3,
        "change_message": ""
    }
}, {
    "model": "admin.logentry",
    "pk": 75,
    "fields": {
        "action_time": "2024-02-25T16:04:11.125Z",
        "user": 1,
        "content_type": 15,
        "object_id": "16",
        "object_repr": "Here",
        "action_flag": 3,
        "change_message": ""
    }
}, {
    "model": "admin.logentry",
    "pk": 76,
    "fields": {
        "action_time": "2024-02-25T16:04:11.126Z",
        "user": 1,
        "content_type": 15,
        "object_id": "15",
        "object_repr": "SomeBook",
        "action_flag": 3,
        "change_message": ""
    }
}, {
    "model": "admin.logentry",
    "pk": 77,
    "fields": {
        "action_time": "2024-02-25T16:04:11.129Z",
        "user": 1,
        "content_type": 15,
        "object_id": "14",
        "object_repr": "NewComicTest",
        "action_flag": 3,
        "change_message": ""
    }
}, {
    "model": "admin.logentry",
    "pk": 78,
    "fields": {
        "action_time": "2024-02-25T19:55:38.824Z",
        "user": 1,
        "content_type": 15,
        "object_id": "6",
        "object_repr": "Venom",
        "action_flag": 2,
        "change_message": "[{\"changed\": {\"fields\": [\"Subcategory\"]}}]"
    }
}, {
    "model": "admin.logentry",
    "pk": 79,
    "fields": {
        "action_time": "2024-02-25T20:27:25.075Z",
        "user": 1,
        "content_type": 16,
        "object_id": "25",
        "object_repr": "sdfgdsfg",
        "action_flag": 3,
        "change_message": ""
    }
}, {
    "model": "admin.logentry",
    "pk": 80,
    "fields": {
        "action_time": "2024-02-25T20:27:25.079Z",
        "user": 1,
        "content_type": 16,
        "object_id": "13",
        "object_repr": "Zebra",
        "action_flag": 3,
        "change_message": ""
    }
}, {
    "model": "admin.logentry",
    "pk": 81,
    "fields": {
        "action_time": "2024-02-25T20:27:25.082Z",
        "user": 1,
        "content_type": 16,
        "object_id": "12",
        "object_repr": "Test Title",
        "action_flag": 3,
        "change_message": ""
    }
}, {
    "model": "admin.logentry",
    "pk": 82,
    "fields": {
        "action_time": "2024-02-25T20:27:25.084Z",
        "user": 1,
        "content_type": 16,
        "object_id": "11",
        "object_repr": "asdfasdf",
        "action_flag": 3,
        "change_message": ""
    }
}, {
    "model": "admin.logentry",
    "pk": 83,
    "fields": {
        "action_time": "2024-02-25T20:27:25.085Z",
        "user": 1,
        "content_type": 16,
        "object_id": "10",
        "object_repr": "TestTest",
        "action_flag": 3,
        "change_message": ""
    }
}, {
    "model": "admin.logentry",
    "pk": 84,
    "fields": {
        "action_time": "2024-02-25T20:27:25.087Z",
        "user": 1,
        "content_type": 16,
        "object_id": "9",
        "object_repr": "New Title",
        "action_flag": 3,
        "change_message": ""
    }
}, {
    "model": "admin.logentry",
    "pk": 85,
    "fields": {
        "action_time": "2024-02-25T20:27:25.088Z",
        "user": 1,
        "content_type": 16,
        "object_id": "8",
        "object_repr": "Abc",
        "action_flag": 3,
        "change_message": ""
    }
}, {
    "model": "admin.logentry",
    "pk": 86,
    "fields": {
        "action_time": "2024-02-25T20:27:25.090Z",
        "user": 1,
        "content_type": 16,
        "object_id": "7",
        "object_repr": "Test",
        "action_flag": 3,
        "change_message": ""
    }
}, {
    "model": "admin.logentry",
    "pk": 87,
    "fields": {
        "action_time": "2024-02-25T20:27:25.091Z",
        "user": 1,
        "content_type": 16,
        "object_id": "4",
        "object_repr": "test22",
        "action_flag": 3,
        "change_message": ""
    }
}, {
    "model": "admin.logentry",
    "pk": 88,
    "fields": {
        "action_time": "2024-02-25T20:27:31.927Z",
        "user": 1,
        "content_type": 16,
        "object_id": "3",
        "object_repr": "Test",
        "action_flag": 3,
        "change_message": ""
    }
}, {
    "model": "admin.logentry",
    "pk": 89,
    "fields": {
        "action_time": "2024-02-26T20:54:51.851Z",
        "user": 1,
        "content_type": 13,
        "object_id": "8",
        "object_repr": "Fiction",
        "action_flag": 1,
        "change_message": "[{\"added\": {}}, {\"added\": {\"name\": \"subcategory\", \"object\": \"Adventure\"}}, {\"added\": {\"name\": \"subcategory\", \"object\": \"Biographical\"}}, {\"added\": {\"name\": \"subcategory\", \"object\": \"Romance\"}}, {\"added\": {\"name\": \"subcategory\", \"object\": \"Myths\"}}]"
    }
}, {
    "model": "admin.logentry",
    "pk": 90,
    "fields": {
        "action_time": "2024-02-26T21:00:38.172Z",
        "user": 1,
        "content_type": 13,
        "object_id": "8",
        "object_repr": "Fiction",
        "action_flag": 2,
        "change_message": "[{\"changed\": {\"fields\": [\"Product type\"]}}]"
    }
}, {
    "model": "admin.logentry",
    "pk": 91,
    "fields": {
        "action_time": "2024-02-26T21:00:51.114Z",
        "user": 1,
        "content_type": 13,
        "object_id": "7",
        "object_repr": "Fiction",
        "action_flag": 3,
        "change_message": ""
    }
}, {
    "model": "admin.logentry",
    "pk": 92,
    "fields": {
        "action_time": "2024-02-26T21:01:00.473Z",
        "user": 1,
        "content_type": 13,
        "object_id": "6",
        "object_repr": "DC Universe",
        "action_flag": 2,
        "change_message": "[{\"changed\": {\"fields\": [\"Product type\"]}}]"
    }
}, {
    "model": "admin.logentry",
    "pk": 93,
    "fields": {
        "action_time": "2024-02-26T21:01:08.189Z",
        "user": 1,
        "content_type": 13,
        "object_id": "5",
        "object_repr": "Marvel Universe",
        "action_flag": 2,
        "change_message": "[{\"changed\": {\"fields\": [\"Product type\"]}}]"
    }
}, {
    "model": "admin.logentry",
    "pk": 94,
    "fields": {
        "action_time": "2024-02-26T21:05:32.870Z",
        "user": 1,
        "content_type": 13,
        "object_id": "8",
        "object_repr": "Fiction",
        "action_flag": 2,
        "change_message": "[]"
    }
}, {
    "model": "admin.logentry",
    "pk": 95,
    "fields": {
        "action_time": "2024-02-26T21:05:36.184Z",
        "user": 1,
        "content_type": 13,
        "object_id": "6",
        "object_repr": "DC Universe",
        "action_flag": 2,
        "change_message": "[]"
    }
}, {
    "model": "admin.logentry",
    "pk": 96,
    "fields": {
        "action_time": "2024-02-26T21:05:40.122Z",
        "user": 1,
        "content_type": 13,
        "object_id": "5",
        "object_repr": "Marvel Universe",
        "action_flag": 2,
        "change_message": "[]"
    }
}, {
    "model": "admin.logentry",
    "pk": 97,
    "fields": {
        "action_time": "2024-02-26T21:07:39.240Z",
        "user": 1,
        "content_type": 13,
        "object_id": "9",
        "object_repr": "Crime",
        "action_flag": 1,
        "change_message": "[{\"added\": {}}, {\"added\": {\"name\": \"subcategory\", \"object\": \"Classic Crime\"}}, {\"added\": {\"name\": \"subcategory\", \"object\": \"True Crime\"}}]"
    }
}, {
    "model": "admin.logentry",
    "pk": 98,
    "fields": {
        "action_time": "2024-02-26T21:49:44.806Z",
        "user": 1,
        "content_type": 13,
        "object_id": "10",
        "object_repr": "Religion",
        "action_flag": 1,
        "change_message": "[{\"added\": {}}, {\"added\": {\"name\": \"subcategory\", \"object\": \"Christian life\"}}]"
    }
}, {
    "model": "admin.logentry",
    "pk": 99,
    "fields": {
        "action_time": "2024-02-26T21:55:43.387Z",
        "user": 1,
        "content_type": 13,
        "object_id": "11",
        "object_repr": "Non-Fiction",
        "action_flag": 1,
        "change_message": "[{\"added\": {}}, {\"added\": {\"name\": \"subcategory\", \"object\": \"Biography\"}}, {\"added\": {\"name\": \"subcategory\", \"object\": \"History\"}}, {\"added\": {\"name\": \"subcategory\", \"object\": \"Parenthood\"}}, {\"added\": {\"name\": \"subcategory\", \"object\": \"Guides\"}}, {\"added\": {\"name\": \"subcategory\", \"object\": \"Philosophy\"}}]"
    }
}, {
    "model": "admin.logentry",
    "pk": 100,
    "fields": {
        "action_time": "2024-02-26T21:56:55.737Z",
        "user": 1,
        "content_type": 13,
        "object_id": "12",
        "object_repr": "Adventure",
        "action_flag": 1,
        "change_message": "[{\"added\": {}}, {\"added\": {\"name\": \"subcategory\", \"object\": \"Adventure stories\"}}]"
    }
}, {
    "model": "admin.logentry",
    "pk": 101,
    "fields": {
        "action_time": "2024-02-26T21:58:16.325Z",
        "user": 1,
        "content_type": 13,
        "object_id": "13",
        "object_repr": "Sci-Fiction",
        "action_flag": 1,
        "change_message": "[{\"added\": {}}, {\"added\": {\"name\": \"subcategory\", \"object\": \"Fantasy fiction\"}}]"
    }
}, {
    "model": "admin.logentry",
    "pk": 102,
    "fields": {
        "action_time": "2024-02-26T22:02:03.070Z",
        "user": 1,
        "content_type": 13,
        "object_id": "8",
        "object_repr": "Fiction",
        "action_flag": 2,
        "change_message": "[{\"added\": {\"name\": \"subcategory\", \"object\": \"Juvenile Fiction\"}}, {\"added\": {\"name\": \"subcategory\", \"object\": \"American fiction\"}}, {\"deleted\": {\"name\": \"subcategory\", \"object\": \"Biographical\"}}]"
    }
}, {
    "model": "admin.logentry",
    "pk": 103,
    "fields": {
        "action_time": "2024-02-26T22:02:09.740Z",
        "user": 1,
        "content_type": 13,
        "object_id": "13",
        "object_repr": "Sci-Fiction",
        "action_flag": 2,
        "change_message": "[]"
    }
}, {
    "model": "admin.logentry",
    "pk": 104,
    "fields": {
        "action_time": "2024-02-26T22:03:37.947Z",
        "user": 1,
        "content_type": 13,
        "object_id": "8",
        "object_repr": "Fiction",
        "action_flag": 2,
        "change_message": "[{\"added\": {\"name\": \"subcategory\", \"object\": \"English fiction\"}}, {\"deleted\": {\"name\": \"subcategory\", \"object\": \"Adventure\"}}]"
    }
}, {
    "model": "admin.logentry",
    "pk": 105,
    "fields": {
        "action_time": "2024-02-26T22:03:54.700Z",
        "user": 1,
        "content_type": 13,
        "object_id": "12",
        "object_repr": "Adventure",
        "action_flag": 2,
        "change_message": "[]"
    }
}, {
    "model": "admin.logentry",
    "pk": 106,
    "fields": {
        "action_time": "2024-02-26T22:05:20.020Z",
        "user": 1,
        "content_type": 13,
        "object_id": "9",
        "object_repr": "Crime",
        "action_flag": 2,
        "change_message": "[{\"added\": {\"name\": \"subcategory\", \"object\": \"Detective and mystery stories\"}}, {\"added\": {\"name\": \"subcategory\", \"object\": \"Mystery stories\"}}]"
    }
}, {
    "model": "admin.logentry",
    "pk": 107,
    "fields": {
        "action_time": "2024-02-26T22:05:59.761Z",
        "user": 1,
        "content_type": 13,
        "object_id": "10",
        "object_repr": "Religion",
        "action_flag": 2,
        "change_message": "[]"
    }
}, {
    "model": "admin.logentry",
    "pk": 108,
    "fields": {
        "action_time": "2024-02-26T22:06:45.028Z",
        "user": 1,
        "content_type": 13,
        "object_id": "14",
        "object_repr": "Drama",
        "action_flag": 1,
        "change_message": "[{\"added\": {}}, {\"added\": {\"name\": \"subcategory\", \"object\": \"English drama\"}}, {\"added\": {\"name\": \"subcategory\", \"object\": \"Country life\"}}]"
    }
}, {
    "model": "admin.logentry",
    "pk": 109,
    "fields": {
        "action_time": "2024-02-26T22:08:29.439Z",
        "user": 1,
        "content_type": 13,
        "object_id": "15",
        "object_repr": "Travel",
        "action_flag": 1,
        "change_message": "[{\"added\": {}}, {\"added\": {\"name\": \"subcategory\", \"object\": \"China\"}}, {\"added\": {\"name\": \"subcategory\", \"object\": \"Ireland\"}}]"
    }
}, {
    "model": "admin.logentry",
    "pk": 110,
    "fields": {
        "action_time": "2024-02-26T22:08:34.588Z",
        "user": 1,
        "content_type": 13,
        "object_id": "15",
        "object_repr": "Travel",
        "action_flag": 2,
        "change_message": "[]"
    }
}, {
    "model": "admin.logentry",
    "pk": 111,
    "fields": {
        "action_time": "2024-02-26T22:09:58.943Z",
        "user": 1,
        "content_type": 13,
        "object_id": "16",
        "object_repr": "Children",
        "action_flag": 1,
        "change_message": "[{\"added\": {}}]"
    }
}, {
    "model": "admin.logentry",
    "pk": 112,
    "fields": {
        "action_time": "2024-02-26T22:10:57.372Z",
        "user": 1,
        "content_type": 13,
        "object_id": "17",
        "object_repr": "Business",
        "action_flag": 1,
        "change_message": "[{\"added\": {}}, {\"added\": {\"name\": \"subcategory\", \"object\": \"Capitalism\"}}, {\"added\": {\"name\": \"subcategory\", \"object\": \"Business enterprises\"}}]"
    }
}, {
    "model": "admin.logentry",
    "pk": 113,
    "fields": {
        "action_time": "2024-02-26T22:12:07.581Z",
        "user": 1,
        "content_type": 13,
        "object_id": "18",
        "object_repr": "Science",
        "action_flag": 1,
        "change_message": "[{\"added\": {}}]"
    }
}, {
    "model": "admin.logentry",
    "pk": 114,
    "fields": {
        "action_time": "2024-02-27T20:19:40.560Z",
        "user": 1,
        "content_type": 16,
        "object_id": "32",
        "object_repr": "Harry Potter and the Chamber of Secrets",
        "action_flag": 2,
        "change_message": "[{\"changed\": {\"fields\": [\"Genre\"]}}]"
    }
}, {
    "model": "admin.logentry",
    "pk": 115,
    "fields": {
        "action_time": "2024-02-27T20:19:47.079Z",
        "user": 1,
        "content_type": 16,
        "object_id": "32",
        "object_repr": "Harry Potter and the Chamber of Secrets",
        "action_flag": 2,
        "change_message": "[]"
    }
}, {
    "model": "admin.logentry",
    "pk": 116,
    "fields": {
        "action_time": "2024-02-27T20:19:50.691Z",
        "user": 1,
        "content_type": 16,
        "object_id": "32",
        "object_repr": "Harry Potter and the Chamber of Secrets",
        "action_flag": 2,
        "change_message": "[]"
    }
}, {
    "model": "admin.logentry",
    "pk": 117,
    "fields": {
        "action_time": "2024-02-27T20:19:53.668Z",
        "user": 1,
        "content_type": 16,
        "object_id": "32",
        "object_repr": "Harry Potter and the Chamber of Secrets",
        "action_flag": 2,
        "change_message": "[]"
    }
}, {
    "model": "admin.logentry",
    "pk": 118,
    "fields": {
        "action_time": "2024-02-27T20:19:56.076Z",
        "user": 1,
        "content_type": 16,
        "object_id": "32",
        "object_repr": "Harry Potter and the Chamber of Secrets",
        "action_flag": 2,
        "change_message": "[]"
    }
}, {
    "model": "admin.logentry",
    "pk": 119,
    "fields": {
        "action_time": "2024-02-27T20:20:05.512Z",
        "user": 1,
        "content_type": 16,
        "object_id": "31",
        "object_repr": "Harry Potter and the Philosopher's Stone",
        "action_flag": 2,
        "change_message": "[{\"changed\": {\"fields\": [\"Genre\"]}}]"
    }
}, {
    "model": "admin.logentry",
    "pk": 120,
    "fields": {
        "action_time": "2024-02-28T22:10:34.165Z",
        "user": 1,
        "content_type": 13,
        "object_id": "5",
        "object_repr": "marvel_universe",
        "action_flag": 2,
        "change_message": "[{\"changed\": {\"fields\": [\"Name\"]}}]"
    }
}, {
    "model": "admin.logentry",
    "pk": 121,
    "fields": {
        "action_time": "2024-02-28T22:12:31.015Z",
        "user": 1,
        "content_type": 13,
        "object_id": "18",
        "object_repr": "science",
        "action_flag": 2,
        "change_message": "[{\"changed\": {\"fields\": [\"Name\"]}}]"
    }
}, {
    "model": "admin.logentry",
    "pk": 122,
    "fields": {
        "action_time": "2024-02-28T22:12:37.664Z",
        "user": 1,
        "content_type": 13,
        "object_id": "17",
        "object_repr": "business",
        "action_flag": 2,
        "change_message": "[{\"changed\": {\"fields\": [\"Name\"]}}]"
    }
}, {
    "model": "admin.logentry",
    "pk": 123,
    "fields": {
        "action_time": "2024-02-28T22:12:44.576Z",
        "user": 1,
        "content_type": 13,
        "object_id": "16",
        "object_repr": "children",
        "action_flag": 2,
        "change_message": "[{\"changed\": {\"fields\": [\"Name\"]}}]"
    }
}, {
    "model": "admin.logentry",
    "pk": 124,
    "fields": {
        "action_time": "2024-02-28T22:12:49.401Z",
        "user": 1,
        "content_type": 13,
        "object_id": "16",
        "object_repr": "children",
        "action_flag": 2,
        "change_message": "[]"
    }
}, {
    "model": "admin.logentry",
    "pk": 125,
    "fields": {
        "action_time": "2024-02-28T22:12:51.825Z",
        "user": 1,
        "content_type": 13,
        "object_id": "16",
        "object_repr": "children",
        "action_flag": 2,
        "change_message": "[]"
    }
}, {
    "model": "admin.logentry",
    "pk": 126,
    "fields": {
        "action_time": "2024-02-28T22:12:54.829Z",
        "user": 1,
        "content_type": 13,
        "object_id": "16",
        "object_repr": "children",
        "action_flag": 2,
        "change_message": "[]"
    }
}, {
    "model": "admin.logentry",
    "pk": 127,
    "fields": {
        "action_time": "2024-02-28T22:13:06.918Z",
        "user": 1,
        "content_type": 13,
        "object_id": "15",
        "object_repr": "travel",
        "action_flag": 2,
        "change_message": "[{\"changed\": {\"fields\": [\"Name\"]}}]"
    }
}, {
    "model": "admin.logentry",
    "pk": 128,
    "fields": {
        "action_time": "2024-02-28T22:13:13.714Z",
        "user": 1,
        "content_type": 13,
        "object_id": "14",
        "object_repr": "drama",
        "action_flag": 2,
        "change_message": "[{\"changed\": {\"fields\": [\"Name\"]}}]"
    }
}, {
    "model": "admin.logentry",
    "pk": 129,
    "fields": {
        "action_time": "2024-02-28T22:13:28.875Z",
        "user": 1,
        "content_type": 13,
        "object_id": "13",
        "object_repr": "sci_fiction",
        "action_flag": 2,
        "change_message": "[{\"changed\": {\"fields\": [\"Name\"]}}]"
    }
}, {
    "model": "admin.logentry",
    "pk": 130,
    "fields": {
        "action_time": "2024-02-28T22:13:37.344Z",
        "user": 1,
        "content_type": 13,
        "object_id": "12",
        "object_repr": "adventure",
        "action_flag": 2,
        "change_message": "[{\"changed\": {\"fields\": [\"Name\"]}}]"
    }
}, {
    "model": "admin.logentry",
    "pk": 131,
    "fields": {
        "action_time": "2024-02-28T22:13:47.670Z",
        "user": 1,
        "content_type": 13,
        "object_id": "11",
        "object_repr": "non-fiction",
        "action_flag": 2,
        "change_message": "[{\"changed\": {\"fields\": [\"Name\"]}}]"
    }
}, {
    "model": "admin.logentry",
    "pk": 132,
    "fields": {
        "action_time": "2024-02-28T22:13:54.415Z",
        "user": 1,
        "content_type": 13,
        "object_id": "10",
        "object_repr": "religion",
        "action_flag": 2,
        "change_message": "[{\"changed\": {\"fields\": [\"Name\"]}}]"
    }
}, {
    "model": "admin.logentry",
    "pk": 133,
    "fields": {
        "action_time": "2024-02-28T22:14:00.644Z",
        "user": 1,
        "content_type": 13,
        "object_id": "9",
        "object_repr": "crime",
        "action_flag": 2,
        "change_message": "[{\"changed\": {\"fields\": [\"Name\"]}}]"
    }
}, {
    "model": "admin.logentry",
    "pk": 134,
    "fields": {
        "action_time": "2024-02-28T22:14:05.232Z",
        "user": 1,
        "content_type": 13,
        "object_id": "8",
        "object_repr": "fiction",
        "action_flag": 2,
        "change_message": "[{\"changed\": {\"fields\": [\"Name\"]}}]"
    }
}, {
    "model": "admin.logentry",
    "pk": 135,
    "fields": {
        "action_time": "2024-02-28T22:14:15.483Z",
        "user": 1,
        "content_type": 13,
        "object_id": "6",
        "object_repr": "dc_universe",
        "action_flag": 2,
        "change_message": "[{\"changed\": {\"fields\": [\"Name\"]}}]"
    }
}, {
    "model": "admin.logentry",
    "pk": 136,
    "fields": {
        "action_time": "2024-02-28T23:28:00.626Z",
        "user": 1,
        "content_type": 13,
        "object_id": "18",
        "object_repr": "science",
        "action_flag": 2,
        "change_message": "[{\"changed\": {\"fields\": [\"Display name\"]}}]"
    }
}, {
    "model": "admin.logentry",
    "pk": 137,
    "fields": {
        "action_time": "2024-02-28T23:28:11.661Z",
        "user": 1,
        "content_type": 13,
        "object_id": "17",
        "object_repr": "business",
        "action_flag": 2,
        "change_message": "[{\"changed\": {\"fields\": [\"Display name\"]}}]"
    }
}, {
    "model": "admin.logentry",
    "pk": 138,
    "fields": {
        "action_time": "2024-02-28T23:28:19.622Z",
        "user": 1,
        "content_type": 13,
        "object_id": "16",
        "object_repr": "children",
        "action_flag": 2,
        "change_message": "[{\"changed\": {\"fields\": [\"Display name\"]}}]"
    }
}, {
    "model": "admin.logentry",
    "pk": 139,
    "fields": {
        "action_time": "2024-02-28T23:28:27.997Z",
        "user": 1,
        "content_type": 13,
        "object_id": "15",
        "object_repr": "travel",
        "action_flag": 2,
        "change_message": "[{\"changed\": {\"fields\": [\"Display name\"]}}]"
    }
}, {
    "model": "admin.logentry",
    "pk": 140,
    "fields": {
        "action_time": "2024-02-28T23:28:34.549Z",
        "user": 1,
        "content_type": 13,
        "object_id": "14",
        "object_repr": "drama",
        "action_flag": 2,
        "change_message": "[{\"changed\": {\"fields\": [\"Display name\"]}}]"
    }
}, {
    "model": "admin.logentry",
    "pk": 141,
    "fields": {
        "action_time": "2024-02-28T23:28:44.636Z",
        "user": 1,
        "content_type": 13,
        "object_id": "13",
        "object_repr": "sci_fiction",
        "action_flag": 2,
        "change_message": "[{\"changed\": {\"fields\": [\"Display name\"]}}]"
    }
}, {
    "model": "admin.logentry",
    "pk": 142,
    "fields": {
        "action_time": "2024-02-28T23:28:54.528Z",
        "user": 1,
        "content_type": 13,
        "object_id": "12",
        "object_repr": "adventure",
        "action_flag": 2,
        "change_message": "[{\"changed\": {\"fields\": [\"Display name\"]}}]"
    }
}, {
    "model": "admin.logentry",
    "pk": 143,
    "fields": {
        "action_time": "2024-02-28T23:29:04.191Z",
        "user": 1,
        "content_type": 13,
        "object_id": "11",
        "object_repr": "non-fiction",
        "action_flag": 2,
        "change_message": "[{\"changed\": {\"fields\": [\"Display name\"]}}]"
    }
}, {
    "model": "admin.logentry",
    "pk": 144,
    "fields": {
        "action_time": "2024-02-28T23:29:10.868Z",
        "user": 1,
        "content_type": 13,
        "object_id": "10",
        "object_repr": "religion",
        "action_flag": 2,
        "change_message": "[{\"changed\": {\"fields\": [\"Display name\"]}}]"
    }
}, {
    "model": "admin.logentry",
    "pk": 145,
    "fields": {
        "action_time": "2024-02-28T23:29:18.271Z",
        "user": 1,
        "content_type": 13,
        "object_id": "9",
        "object_repr": "crime",
        "action_flag": 2,
        "change_message": "[{\"changed\": {\"fields\": [\"Display name\"]}}]"
    }
}, {
    "model": "admin.logentry",
    "pk": 146,
    "fields": {
        "action_time": "2024-02-28T23:29:25.930Z",
        "user": 1,
        "content_type": 13,
        "object_id": "8",
        "object_repr": "fiction",
        "action_flag": 2,
        "change_message": "[{\"changed\": {\"fields\": [\"Display name\"]}}]"
    }
}, {
    "model": "admin.logentry",
    "pk": 147,
    "fields": {
        "action_time": "2024-02-28T23:29:36.704Z",
        "user": 1,
        "content_type": 13,
        "object_id": "6",
        "object_repr": "dc_universe",
        "action_flag": 2,
        "change_message": "[{\"changed\": {\"fields\": [\"Display name\"]}}]"
    }
}, {
    "model": "admin.logentry",
    "pk": 148,
    "fields": {
        "action_time": "2024-02-28T23:29:47.559Z",
        "user": 1,
        "content_type": 13,
        "object_id": "5",
        "object_repr": "marvel_universe",
        "action_flag": 2,
        "change_message": "[{\"changed\": {\"fields\": [\"Display name\"]}}]"
    }
}, {
    "model": "admin.logentry",
    "pk": 149,
    "fields": {
        "action_time": "2024-03-01T15:25:28.781Z",
        "user": 1,
        "content_type": 15,
        "object_id": "53",
        "object_repr": "test",
        "action_flag": 3,
        "change_message": ""
    }
}, {
    "model": "admin.logentry",
    "pk": 150,
    "fields": {
        "action_time": "2024-03-01T15:25:38.873Z",
        "user": 1,
        "content_type": 16,
        "object_id": "52",
        "object_repr": "test",
        "action_flag": 3,
        "change_message": ""
    }
}, {
    "model": "admin.logentry",
    "pk": 151,
    "fields": {
        "action_time": "2024-03-01T16:50:31.227Z",
        "user": 1,
        "content_type": 16,
        "object_id": "56",
        "object_repr": "ChildrenBook",
        "action_flag": 1,
        "change_message": "[{\"added\": {}}]"
    }
}, {
    "model": "auth.permission",
    "pk": 1,
    "fields": {
        "name": "Can add log entry",
        "content_type": 1,
        "codename": "add_logentry"
    }
}, {
    "model": "auth.permission",
    "pk": 2,
    "fields": {
        "name": "Can change log entry",
        "content_type": 1,
        "codename": "change_logentry"
    }
}, {
    "model": "auth.permission",
    "pk": 3,
    "fields": {
        "name": "Can delete log entry",
        "content_type": 1,
        "codename": "delete_logentry"
    }
}, {
    "model": "auth.permission",
    "pk": 4,
    "fields": {
        "name": "Can view log entry",
        "content_type": 1,
        "codename": "view_logentry"
    }
}, {
    "model": "auth.permission",
    "pk": 5,
    "fields": {
        "name": "Can add permission",
        "content_type": 2,
        "codename": "add_permission"
    }
}, {
    "model": "auth.permission",
    "pk": 6,
    "fields": {
        "name": "Can change permission",
        "content_type": 2,
        "codename": "change_permission"
    }
}, {
    "model": "auth.permission",
    "pk": 7,
    "fields": {
        "name": "Can delete permission",
        "content_type": 2,
        "codename": "delete_permission"
    }
}, {
    "model": "auth.permission",
    "pk": 8,
    "fields": {
        "name": "Can view permission",
        "content_type": 2,
        "codename": "view_permission"
    }
}, {
    "model": "auth.permission",
    "pk": 9,
    "fields": {
        "name": "Can add group",
        "content_type": 3,
        "codename": "add_group"
    }
}, {
    "model": "auth.permission",
    "pk": 10,
    "fields": {
        "name": "Can change group",
        "content_type": 3,
        "codename": "change_group"
    }
}, {
    "model": "auth.permission",
    "pk": 11,
    "fields": {
        "name": "Can delete group",
        "content_type": 3,
        "codename": "delete_group"
    }
}, {
    "model": "auth.permission",
    "pk": 12,
    "fields": {
        "name": "Can view group",
        "content_type": 3,
        "codename": "view_group"
    }
}, {
    "model": "auth.permission",
    "pk": 13,
    "fields": {
        "name": "Can add user",
        "content_type": 4,
        "codename": "add_user"
    }
}, {
    "model": "auth.permission",
    "pk": 14,
    "fields": {
        "name": "Can change user",
        "content_type": 4,
        "codename": "change_user"
    }
}, {
    "model": "auth.permission",
    "pk": 15,
    "fields": {
        "name": "Can delete user",
        "content_type": 4,
        "codename": "delete_user"
    }
}, {
    "model": "auth.permission",
    "pk": 16,
    "fields": {
        "name": "Can view user",
        "content_type": 4,
        "codename": "view_user"
    }
}, {
    "model": "auth.permission",
    "pk": 17,
    "fields": {
        "name": "Can add content type",
        "content_type": 5,
        "codename": "add_contenttype"
    }
}, {
    "model": "auth.permission",
    "pk": 18,
    "fields": {
        "name": "Can change content type",
        "content_type": 5,
        "codename": "change_contenttype"
    }
}, {
    "model": "auth.permission",
    "pk": 19,
    "fields": {
        "name": "Can delete content type",
        "content_type": 5,
        "codename": "delete_contenttype"
    }
}, {
    "model": "auth.permission",
    "pk": 20,
    "fields": {
        "name": "Can view content type",
        "content_type": 5,
        "codename": "view_contenttype"
    }
}, {
    "model": "auth.permission",
    "pk": 21,
    "fields": {
        "name": "Can add session",
        "content_type": 6,
        "codename": "add_session"
    }
}, {
    "model": "auth.permission",
    "pk": 22,
    "fields": {
        "name": "Can change session",
        "content_type": 6,
        "codename": "change_session"
    }
}, {
    "model": "auth.permission",
    "pk": 23,
    "fields": {
        "name": "Can delete session",
        "content_type": 6,
        "codename": "delete_session"
    }
}, {
    "model": "auth.permission",
    "pk": 24,
    "fields": {
        "name": "Can view session",
        "content_type": 6,
        "codename": "view_session"
    }
}, {
    "model": "auth.permission",
    "pk": 25,
    "fields": {
        "name": "Can add site",
        "content_type": 7,
        "codename": "add_site"
    }
}, {
    "model": "auth.permission",
    "pk": 26,
    "fields": {
        "name": "Can change site",
        "content_type": 7,
        "codename": "change_site"
    }
}, {
    "model": "auth.permission",
    "pk": 27,
    "fields": {
        "name": "Can delete site",
        "content_type": 7,
        "codename": "delete_site"
    }
}, {
    "model": "auth.permission",
    "pk": 28,
    "fields": {
        "name": "Can view site",
        "content_type": 7,
        "codename": "view_site"
    }
}, {
    "model": "auth.permission",
    "pk": 29,
    "fields": {
        "name": "Can add email address",
        "content_type": 8,
        "codename": "add_emailaddress"
    }
}, {
    "model": "auth.permission",
    "pk": 30,
    "fields": {
        "name": "Can change email address",
        "content_type": 8,
        "codename": "change_emailaddress"
    }
}, {
    "model": "auth.permission",
    "pk": 31,
    "fields": {
        "name": "Can delete email address",
        "content_type": 8,
        "codename": "delete_emailaddress"
    }
}, {
    "model": "auth.permission",
    "pk": 32,
    "fields": {
        "name": "Can view email address",
        "content_type": 8,
        "codename": "view_emailaddress"
    }
}, {
    "model": "auth.permission",
    "pk": 33,
    "fields": {
        "name": "Can add email confirmation",
        "content_type": 9,
        "codename": "add_emailconfirmation"
    }
}, {
    "model": "auth.permission",
    "pk": 34,
    "fields": {
        "name": "Can change email confirmation",
        "content_type": 9,
        "codename": "change_emailconfirmation"
    }
}, {
    "model": "auth.permission",
    "pk": 35,
    "fields": {
        "name": "Can delete email confirmation",
        "content_type": 9,
        "codename": "delete_emailconfirmation"
    }
}, {
    "model": "auth.permission",
    "pk": 36,
    "fields": {
        "name": "Can view email confirmation",
        "content_type": 9,
        "codename": "view_emailconfirmation"
    }
}, {
    "model": "auth.permission",
    "pk": 37,
    "fields": {
        "name": "Can add social account",
        "content_type": 10,
        "codename": "add_socialaccount"
    }
}, {
    "model": "auth.permission",
    "pk": 38,
    "fields": {
        "name": "Can change social account",
        "content_type": 10,
        "codename": "change_socialaccount"
    }
}, {
    "model": "auth.permission",
    "pk": 39,
    "fields": {
        "name": "Can delete social account",
        "content_type": 10,
        "codename": "delete_socialaccount"
    }
}, {
    "model": "auth.permission",
    "pk": 40,
    "fields": {
        "name": "Can view social account",
        "content_type": 10,
        "codename": "view_socialaccount"
    }
}, {
    "model": "auth.permission",
    "pk": 41,
    "fields": {
        "name": "Can add social application",
        "content_type": 11,
        "codename": "add_socialapp"
    }
}, {
    "model": "auth.permission",
    "pk": 42,
    "fields": {
        "name": "Can change social application",
        "content_type": 11,
        "codename": "change_socialapp"
    }
}, {
    "model": "auth.permission",
    "pk": 43,
    "fields": {
        "name": "Can delete social application",
        "content_type": 11,
        "codename": "delete_socialapp"
    }
}, {
    "model": "auth.permission",
    "pk": 44,
    "fields": {
        "name": "Can view social application",
        "content_type": 11,
        "codename": "view_socialapp"
    }
}, {
    "model": "auth.permission",
    "pk": 45,
    "fields": {
        "name": "Can add social application token",
        "content_type": 12,
        "codename": "add_socialtoken"
    }
}, {
    "model": "auth.permission",
    "pk": 46,
    "fields": {
        "name": "Can change social application token",
        "content_type": 12,
        "codename": "change_socialtoken"
    }
}, {
    "model": "auth.permission",
    "pk": 47,
    "fields": {
        "name": "Can delete social application token",
        "content_type": 12,
        "codename": "delete_socialtoken"
    }
}, {
    "model": "auth.permission",
    "pk": 48,
    "fields": {
        "name": "Can view social application token",
        "content_type": 12,
        "codename": "view_socialtoken"
    }
}, {
    "model": "auth.permission",
    "pk": 49,
    "fields": {
        "name": "Can add category",
        "content_type": 13,
        "codename": "add_category"
    }
}, {
    "model": "auth.permission",
    "pk": 50,
    "fields": {
        "name": "Can change category",
        "content_type": 13,
        "codename": "change_category"
    }
}, {
    "model": "auth.permission",
    "pk": 51,
    "fields": {
        "name": "Can delete category",
        "content_type": 13,
        "codename": "delete_category"
    }
}, {
    "model": "auth.permission",
    "pk": 52,
    "fields": {
        "name": "Can view category",
        "content_type": 13,
        "codename": "view_category"
    }
}, {
    "model": "auth.permission",
    "pk": 53,
    "fields": {
        "name": "Can add product",
        "content_type": 14,
        "codename": "add_product"
    }
}, {
    "model": "auth.permission",
    "pk": 54,
    "fields": {
        "name": "Can change product",
        "content_type": 14,
        "codename": "change_product"
    }
}, {
    "model": "auth.permission",
    "pk": 55,
    "fields": {
        "name": "Can delete product",
        "content_type": 14,
        "codename": "delete_product"
    }
}, {
    "model": "auth.permission",
    "pk": 56,
    "fields": {
        "name": "Can view product",
        "content_type": 14,
        "codename": "view_product"
    }
}, {
    "model": "auth.permission",
    "pk": 57,
    "fields": {
        "name": "Can add comic",
        "content_type": 15,
        "codename": "add_comic"
    }
}, {
    "model": "auth.permission",
    "pk": 58,
    "fields": {
        "name": "Can change comic",
        "content_type": 15,
        "codename": "change_comic"
    }
}, {
    "model": "auth.permission",
    "pk": 59,
    "fields": {
        "name": "Can delete comic",
        "content_type": 15,
        "codename": "delete_comic"
    }
}, {
    "model": "auth.permission",
    "pk": 60,
    "fields": {
        "name": "Can view comic",
        "content_type": 15,
        "codename": "view_comic"
    }
}, {
    "model": "auth.permission",
    "pk": 61,
    "fields": {
        "name": "Can add book",
        "content_type": 16,
        "codename": "add_book"
    }
}, {
    "model": "auth.permission",
    "pk": 62,
    "fields": {
        "name": "Can change book",
        "content_type": 16,
        "codename": "change_book"
    }
}, {
    "model": "auth.permission",
    "pk": 63,
    "fields": {
        "name": "Can delete book",
        "content_type": 16,
        "codename": "delete_book"
    }
}, {
    "model": "auth.permission",
    "pk": 64,
    "fields": {
        "name": "Can view book",
        "content_type": 16,
        "codename": "view_book"
    }
}, {
    "model": "auth.permission",
    "pk": 65,
    "fields": {
        "name": "Can add subcategory",
        "content_type": 17,
        "codename": "add_subcategory"
    }
}, {
    "model": "auth.permission",
    "pk": 66,
    "fields": {
        "name": "Can change subcategory",
        "content_type": 17,
        "codename": "change_subcategory"
    }
}, {
    "model": "auth.permission",
    "pk": 67,
    "fields": {
        "name": "Can delete subcategory",
        "content_type": 17,
        "codename": "delete_subcategory"
    }
}, {
    "model": "auth.permission",
    "pk": 68,
    "fields": {
        "name": "Can view subcategory",
        "content_type": 17,
        "codename": "view_subcategory"
    }
}, {
    "model": "auth.permission",
    "pk": 69,
    "fields": {
        "name": "Can add review",
        "content_type": 18,
        "codename": "add_review"
    }
}, {
    "model": "auth.permission",
    "pk": 70,
    "fields": {
        "name": "Can change review",
        "content_type": 18,
        "codename": "change_review"
    }
}, {
    "model": "auth.permission",
    "pk": 71,
    "fields": {
        "name": "Can delete review",
        "content_type": 18,
        "codename": "delete_review"
    }
}, {
    "model": "auth.permission",
    "pk": 72,
    "fields": {
        "name": "Can view review",
        "content_type": 18,
        "codename": "view_review"
    }
}, {
    "model": "auth.user",
    "pk": 1,
    "fields": {
        "password": "pbkdf2_sha256$260000$8PhxIoxg8FHbaWu2J4IksG$6GBnPv+iXQHnLJIjlUA1E43nBMqKYljodb1cRlCC+T4=",
        "last_login": "2024-03-03T20:42:46.467Z",
        "is_superuser": true,
        "username": "admin",
        "first_name": "",
        "last_name": "",
        "email": "test@test.com",
        "is_staff": true,
        "is_active": true,
        "date_joined": "2024-02-16T16:46:17.777Z",
        "groups": [],
        "user_permissions": []
    }
}, {
    "model": "auth.user",
    "pk": 3,
    "fields": {
        "password": "pbkdf2_sha256$260000$PxgRybRQAPytA9hhXQcop0$C7SN25+LjcDK+6WU2uFEj+PkTxhpMACrpFVx3mHGpWM=",
        "last_login": "2024-02-25T09:54:49.469Z",
        "is_superuser": false,
        "username": "SomeName",
        "first_name": "",
        "last_name": "",
        "email": "new@mail.com",
        "is_staff": false,
        "is_active": true,
        "date_joined": "2024-02-25T09:38:48.214Z",
        "groups": [],
        "user_permissions": []
    }
}, {
    "model": "auth.user",
    "pk": 4,
    "fields": {
        "password": "pbkdf2_sha256$260000$aSrJsdxt0vmUXrCSBnMtps$wdeUm75CBqa1a8qrRs0/o7vQ3ygg3prqDuH9P/zIG4Y=",
        "last_login": "2024-02-25T10:15:24.023Z",
        "is_superuser": false,
        "username": "Test",
        "first_name": "",
        "last_name": "",
        "email": "test@mail.com",
        "is_staff": false,
        "is_active": true,
        "date_joined": "2024-02-25T10:14:50.420Z",
        "groups": [],
        "user_permissions": []
    }
}, {
    "model": "contenttypes.contenttype",
    "pk": 1,
    "fields": {
        "app_label": "admin",
        "model": "logentry"
    }
}, {
    "model": "contenttypes.contenttype",
    "pk": 2,
    "fields": {
        "app_label": "auth",
        "model": "permission"
    }
}, {
    "model": "contenttypes.contenttype",
    "pk": 3,
    "fields": {
        "app_label": "auth",
        "model": "group"
    }
}, {
    "model": "contenttypes.contenttype",
    "pk": 4,
    "fields": {
        "app_label": "auth",
        "model": "user"
    }
}, {
    "model": "contenttypes.contenttype",
    "pk": 5,
    "fields": {
        "app_label": "contenttypes",
        "model": "contenttype"
    }
}, {
    "model": "contenttypes.contenttype",
    "pk": 6,
    "fields": {
        "app_label": "sessions",
        "model": "session"
    }
}, {
    "model": "contenttypes.contenttype",
    "pk": 7,
    "fields": {
        "app_label": "sites",
        "model": "site"
    }
}, {
    "model": "contenttypes.contenttype",
    "pk": 8,
    "fields": {
        "app_label": "account",
        "model": "emailaddress"
    }
}, {
    "model": "contenttypes.contenttype",
    "pk": 9,
    "fields": {
        "app_label": "account",
        "model": "emailconfirmation"
    }
}, {
    "model": "contenttypes.contenttype",
    "pk": 10,
    "fields": {
        "app_label": "socialaccount",
        "model": "socialaccount"
    }
}, {
    "model": "contenttypes.contenttype",
    "pk": 11,
    "fields": {
        "app_label": "socialaccount",
        "model": "socialapp"
    }
}, {
    "model": "contenttypes.contenttype",
    "pk": 12,
    "fields": {
        "app_label": "socialaccount",
        "model": "socialtoken"
    }
}, {
    "model": "contenttypes.contenttype",
    "pk": 13,
    "fields": {
        "app_label": "products",
        "model": "category"
    }
}, {
    "model": "contenttypes.contenttype",
    "pk": 14,
    "fields": {
        "app_label": "products",
        "model": "product"
    }
}, {
    "model": "contenttypes.contenttype",
    "pk": 15,
    "fields": {
        "app_label": "products",
        "model": "comic"
    }
}, {
    "model": "contenttypes.contenttype",
    "pk": 16,
    "fields": {
        "app_label": "products",
        "model": "book"
    }
}, {
    "model": "contenttypes.contenttype",
    "pk": 17,
    "fields": {
        "app_label": "products",
        "model": "subcategory"
    }
}, {
    "model": "contenttypes.contenttype",
    "pk": 18,
    "fields": {
        "app_label": "products",
        "model": "review"
    }
}, {
    "model": "sessions.session",
    "pk": "0zp519cwxnc8qwny28xz2rplp7p3d4uu",
    "fields": {
        "session_data": ".eJxVjEEOwiAQRe_C2pBOoVK6dO8ZCMNMLWrAQJtojHe3TbrQ7X_vv7dwfpknt1QuLpIYBIjD74Y-3DhtgK4-XbIMOc0lotwUudMqz5n4ftrdv8Dk67S-dasNAoBGVJ3GpiXvx0CAoeOgbG8sgbFgV01ZGlH1hkJDyAiKQR23aOVaY06On49YXmJoPl-H2T8v:1rf5y9:Vt5Yx_yt5jDGGndFixLsCCuo7MmudWYttDOCW6nB0g8",
        "expire_date": "2024-03-12T22:30:37.220Z"
    }
}, {
    "model": "sessions.session",
    "pk": "37mg9zobcr79tk4ae2mp5if91i77aq1c",
    "fields": {
        "session_data": "eyJiYWciOnsiMzEiOjEsIjIiOjF9fQ:1rgo6P:3fnSz_QVOA33Q_Q75OyefqizaEPhvrvjle7-WXYPz6I",
        "expire_date": "2024-03-17T15:50:13.741Z"
    }
}, {
    "model": "sessions.session",
    "pk": "67tw7gxh1ms3jzsy3ck99x2cqznn064a",
    "fields": {
        "session_data": ".eJxVjMEKgzAQRP9lzxLcJBqTY-_9Bslmo6YtWoxCi_jvVejFywzMvJkNyPfgNlAIDguoDpWH1eDkXkDr12Vo1xznNjE4QLhk5MMzjmfBDz_2kwjTuMyJxImIf5vFfeL4uv3Zy8Hg83CstdSGEFETqUpTKdn7LjBSqGJQtjGW0Vi0B6Ysd6Qaw6FkioQqoqrP0xxzTtPYxs87zV9w5f4DvAJFlw:1rgshG:Tozm1A5yG9D_2YVnFqNB3Z9TBn8sPHzjNNAOZiDLNKU",
        "expire_date": "2024-03-17T20:44:34.947Z"
    }
}, {
    "model": "sessions.session",
    "pk": "685pc7p01eovxem4r69mh69q766kq3xi",
    "fields": {
        "session_data": ".eJxVjMsOgjAQRf9l1oQwtFDbpXu_gXQ6w0NNMRQSDeHfhYSFbu8596zQ-GXumyXJ1AwMDhCy3418eEg8AN997MY8jHGeBsoPJT9pym8jy_N6un-B3qd-f-tSG0JETaQqTUXJ3reBkUIlQdmLsYzGot01ZbkldTEcCiYhVIKqPqJJUhrG2Mj7NUwfcEUG5DtwK9TgMAOF4Mpt-wLpY0Qg:1rgnk7:WeK_Ka2c-_gMHk1WlFMLN-p4v0kawOHwicJGENsdiXQ",
        "expire_date": "2024-03-17T15:27:11.348Z"
    }
}, {
    "model": "sessions.session",
    "pk": "6v5yacr3xhrtlbc8aulho3u419d4ham5",
    "fields": {
        "session_data": ".eJxVjEEOwiAQRe_C2pBOoVK6dO8ZCMNMLWrAQJtojHe3TbrQ7X_vv7dwfpknt1QuLpIYBIjD74Y-3DhtgK4-XbIMOc0lotwUudMqz5n4ftrdv8Dk67S-dasNAoBGVJ3GpiXvx0CAoeOgbG8sgbFgV01ZGlH1hkJDyAiKQR23aOVaY06On49YXmJoPl-H2T8v:1rgAU8:GvRTpjyjY_efb5PAD7egcyuZPHCRwzsuYxjS02uLhg4",
        "expire_date": "2024-03-15T21:32:04.008Z"
    }
}, {
    "model": "sessions.session",
    "pk": "7p9mq4tgao2wvgec1ntjqa08c4sqgvyd",
    "fields": {
        "session_data": "eyJiYWciOnsiNTQiOjEsIjEiOjF9fQ:1rgoCU:VVQvdmiEFp3_Syc1z6yh3dQG1IxUowIJwqXCaRPJcpY",
        "expire_date": "2024-03-17T15:56:30.748Z"
    }
}, {
    "model": "sessions.session",
    "pk": "8w2p7zf7sprt901vn5csdwdx5u9akpfo",
    "fields": {
        "session_data": ".eJxVjEEOwiAQRe_C2pAptBW6dO8ZyAwMFjVgSptojHe3TbrQ7X_vv7dwuMyjWypPLgUxiEYcfjdCf-O8gXDFfCnSlzxPieSmyJ1WeS6B76fd_QuMWMf13YOJ4Qhd1Nhx1JbJgjJkrIoQrGZoWmU0K-oJDbYIXfCWdN8aRL96W7Ryralkx89Hml5igM8Xis8_Qw:1rb1zM:rYJVdTE11iNJK8zicEQSABq0XcPYQfWmKcGd6A-Fqw0",
        "expire_date": "2024-03-01T17:27:04.621Z"
    }
}, {
    "model": "sessions.session",
    "pk": "bz8rhor74yexaium3p3joqdbdj288a9o",
    "fields": {
        "session_data": ".eJxVjDsOwjAQBe_iGlkb_7Ap6TmDtWuvcQA5UpxUiLuTSCmgfTPz3iLiutS4dp7jmMVFDOL0uxGmJ7cd5Ae2-yTT1JZ5JLkr8qBd3qbMr-vh_h1U7HWrHfiSz2CLRstFB6YAypMPqkAOmmEwymtW5Ag9GgSbUyDtjEdMmyc-X-ABOAY:1rbouM:GKgOaLRwFXtsu33tby2A82ntPb0i1WtyDdg65Zc0fUY",
        "expire_date": "2024-03-03T21:41:10.309Z"
    }
}, {
    "model": "sessions.session",
    "pk": "d6gr0arysgcn6990nobgkgibmizrefkx",
    "fields": {
        "session_data": "e30:1rb1yH:QrtsxvHrhRkyW7kSG4PbXR0GR3smUHeyEi-pLfA-pCk",
        "expire_date": "2024-03-01T17:25:57.421Z"
    }
}, {
    "model": "sessions.session",
    "pk": "f1w61xencced5u6z4nj8b337yvkzjn8k",
    "fields": {
        "session_data": "eyJiYWciOnsiMSI6MX19:1rgoDH:ABhGnNSJZx_I5gozh7rlZkSQTKMfGV4WEveQT7bhp4w",
        "expire_date": "2024-03-17T15:57:19.470Z"
    }
}, {
    "model": "sessions.session",
    "pk": "hpiwsv9im24r8rkdgk6mgmyr6pjvrhpk",
    "fields": {
        "session_data": ".eJxVjEEOwiAQRe_C2pBOoVK6dO8ZCMNMLWrAQJtojHe3TbrQ7X_vv7dwfpknt1QuLpIYBIjD74Y-3DhtgK4-XbIMOc0lotwUudMqz5n4ftrdv8Dk67S-dasNAoBGVJ3GpiXvx0CAoeOgbG8sgbFgV01ZGlH1hkJDyAiKQR23aOVaY06On49YXmJoPl-H2T8v:1rgVke:S4Gg35j4_g1tQBg-VzGwF2Cg3oXfY258SszoQWI629w",
        "expire_date": "2024-03-16T20:14:32.862Z"
    }
}, {
    "model": "sessions.session",
    "pk": "i5b9jga3iy0x2akpm5icmuopko743e56",
    "fields": {
        "session_data": "eyJiYWciOnsiMSI6MywiMzIiOjV9fQ:1rgoIs:ZCE0UcOGYVLIHKkVH6GKlILlr7LMFShtVXqYsZ0tGOA",
        "expire_date": "2024-03-17T16:03:06.173Z"
    }
}, {
    "model": "sessions.session",
    "pk": "i6iwgy1ap5jsnjvfeqgfv49bje12wa8q",
    "fields": {
        "session_data": ".eJyrVkpKTFeyqlYyUrIyNNRRMgVSBjpKxiAukDKEUGZgysQESNXWAgAloArx:1rguZk:EwIexxF-kSk-VjTNGbKGslsIus06ZoIyN1c_63K0iQQ",
        "expire_date": "2024-03-17T22:44:56.204Z"
    }
}, {
    "model": "sessions.session",
    "pk": "i7lsgflqf272wba4bwqcv99usyalbnu8",
    "fields": {
        "session_data": ".eJxVjcFugzAQRH_F2jO1HBuonWPvlXoPkbXGS3ASoPISqVHVf6-ROLTXN29mvsHjYx39gyn7FOEIB6j-soD9jeYtiFecL4vsl3nNKchNkXvK8n2JdH_b3X8DI_JY2q2yQ3xVzWCwocE4Ck5pG6zTg4rOkDrU2hrSoQ1osUbVxN4F09YWsS_eNsrEnJbZ09dnyk84qsKmwvBCXC5Opw68v3IxdtpBJVQldFOJDj5ymjA_Bb1MmO4CY8zFEkyr7OB8hp9fXk5YYA:1rduFD:S1t9PxIFwE03ZY-onlFaR9AcvFW8prZNhLSQdDS2tx0",
        "expire_date": "2024-03-09T15:47:19.854Z"
    }
}, {
    "model": "sessions.session",
    "pk": "iey14gqchpkyw1yg6jtgi7troduzt8ao",
    "fields": {
        "session_data": ".eJxVjEEOwiAQRe_C2pBOoVK6dO8ZCMNMLWrAQJtojHe3TbrQ7X_vv7dwfpknt1QuLpIYBIjD74Y-3DhtgK4-XbIMOc0lotwUudMqz5n4ftrdv8Dk67S-dasNAoBGVJ3GpiXvx0CAoeOgbG8sgbFgV01ZGlH1hkJDyAiKQR23aOVaY06On49YXmJoPl-H2T8v:1reLat:6xeLYhP19xSw9jUXU_HlKHnTlJuQkcXIZVOdCJ9Cc00",
        "expire_date": "2024-03-10T20:59:31.201Z"
    }
}, {
    "model": "sessions.session",
    "pk": "o794diej2joses5ejdyc46f7xh59quth",
    "fields": {
        "session_data": ".eJxVjEEOwiAQRe_C2pBOoVK6dO8ZCMNMLWrAQJtojHe3TbrQ7X_vv7dwfpknt1QuLpIYBIjD74Y-3DhtgK4-XbIMOc0lotwUudMqz5n4ftrdv8Dk67S-dasNAoBGVJ3GpiXvx0CAoeOgbG8sgbFgV01ZGlH1hkJDyAiKQR23aOVaY06On49YXmJoPl-H2T8v:1rfoS3:g4u98650sttvSCQ6aCazD-MhWY7seWeM9eXp1kGBlcI",
        "expire_date": "2024-03-14T22:00:27.893Z"
    }
}, {
    "model": "sessions.session",
    "pk": "q7ebp6j68wzxefjlh7jyqt06ycxesbz4",
    "fields": {
        "session_data": ".eJxVjDsOwjAQBe_iGlkb_7Ap6TmDtWuvcQA5UpxUiLuTSCmgfTPz3iLiutS4dp7jmMVFDOL0uxGmJ7cd5Ae2-yTT1JZ5JLkr8qBd3qbMr-vh_h1U7HWrHfiSz2CLRstFB6YAypMPqkAOmmEwymtW5Ag9GgSbUyDtjEdMmyc-X-ABOAY:1rdHtG:P_CkDGwU7p6Yn4JUABO84hE3EAHJNjJ4e6r81ryEFm0",
        "expire_date": "2024-03-07T22:50:06.351Z"
    }
}, {
    "model": "sessions.session",
    "pk": "rh9m6kv5hr70evrawx6oosanmlg1f6p8",
    "fields": {
        "session_data": ".eJxVjEEOwiAQRe_C2pBOoVK6dO8ZCMNMLWrAQJtojHe3TbrQ7X_vv7dwfpknt1QuLpIYBIjD74Y-3DhtgK4-XbIMOc0lotwUudMqz5n4ftrdv8Dk67S-dasNAoBGVJ3GpiXvx0CAoeOgbG8sgbFgV01ZGlH1hkJDyAiKQR23aOVaY06On49YXmJoPl-H2T8v:1relQc:A7eZMPL2isLEMhPf8Z_lxpzu_Gdc2wyWCbT2lhbd59M",
        "expire_date": "2024-03-12T00:34:38.661Z"
    }
}, {
    "model": "sessions.session",
    "pk": "u2kjcel0a4t33v4lvutfgs0ke2jryidv",
    "fields": {
        "session_data": ".eJxVjEEOwiAQRe_C2pBOoVK6dO8ZCMNMLWrAQJtojHe3TbrQ7X_vv7dwfpknt1QuLpIYBIjD74Y-3DhtgK4-XbIMOc0lotwUudMqz5n4ftrdv8Dk67S-dasNAoBGVJ3GpiXvx0CAoeOgbG8sgbFgV01ZGlH1hkJDyAiKQR23aOVaY06On49YXmJoPl-H2T8v:1rfTmG:0Uz06Mj7A1EbZuOi07Em3H0kPbx1lHTERignRZyB_EU",
        "expire_date": "2024-03-13T23:55:56.139Z"
    }
}, {
    "model": "sites.site",
    "pk": 1,
    "fields": {
        "domain": "owlbookstore.example.com",
        "name": "Owl Bookstore"
    }
}, {
    "model": "account.emailaddress",
    "pk": 1,
    "fields": {
        "user": 1,
        "email": "test@test.com",
        "verified": true,
        "primary": true
    }
}, {
    "model": "account.emailaddress",
    "pk": 2,
    "fields": {
        "user": 1,
        "email": "abc@mail.com",
        "verified": true,
        "primary": false
    }
}, {
    "model": "account.emailaddress",
    "pk": 4,
    "fields": {
        "user": 3,
        "email": "new@mail.com",
        "verified": true,
        "primary": true
    }
}, {
    "model": "account.emailaddress",
    "pk": 5,
    "fields": {
        "user": 4,
        "email": "test@mail.com",
        "verified": true,
        "primary": true
    }
}, {
    "model": "products.category",
    "pk": 5,
    "fields": {
        "name": "marvel_universe",
        "product_type": "comic",
        "display_name": "Marvel Universe"
    }
}, {
    "model": "products.category",
    "pk": 6,
    "fields": {
        "name": "dc_universe",
        "product_type": "comic",
        "display_name": "DC Universe"
    }
}, {
    "model": "products.category",
    "pk": 8,
    "fields": {
        "name": "fiction",
        "product_type": "book",
        "display_name": "Fiction"
    }
}, {
    "model": "products.category",
    "pk": 9,
    "fields": {
        "name": "crime",
        "product_type": "book",
        "display_name": "Crime"
    }
}, {
    "model": "products.category",
    "pk": 10,
    "fields": {
        "name": "religion",
        "product_type": "book",
        "display_name": "Religion"
    }
}, {
    "model": "products.category",
    "pk": 11,
    "fields": {
        "name": "non-fiction",
        "product_type": "book",
        "display_name": "Non-Fiction"
    }
}, {
    "model": "products.category",
    "pk": 12,
    "fields": {
        "name": "adventure",
        "product_type": "book",
        "display_name": "Adventure"
    }
}, {
    "model": "products.category",
    "pk": 13,
    "fields": {
        "name": "sci_fiction",
        "product_type": "book",
        "display_name": "Sci-Fiction"
    }
}, {
    "model": "products.category",
    "pk": 14,
    "fields": {
        "name": "drama",
        "product_type": "book",
        "display_name": "Drama"
    }
}, {
    "model": "products.category",
    "pk": 15,
    "fields": {
        "name": "travel",
        "product_type": "book",
        "display_name": "Travel"
    }
}, {
    "model": "products.category",
    "pk": 16,
    "fields": {
        "name": "children",
        "product_type": "book",
        "display_name": "Children"
    }
}, {
    "model": "products.category",
    "pk": 17,
    "fields": {
        "name": "business",
        "product_type": "book",
        "display_name": "Business"
    }
}, {
    "model": "products.category",
    "pk": 18,
    "fields": {
        "name": "science",
        "product_type": "book",
        "display_name": "Science"
    }
}, {
    "model": "products.subcategory",
    "pk": 19,
    "fields": {
        "name": "Avengers",
        "category": 5
    }
}, {
    "model": "products.subcategory",
    "pk": 20,
    "fields": {
        "name": "Spider Man",
        "category": 5
    }
}, {
    "model": "products.subcategory",
    "pk": 21,
    "fields": {
        "name": "Iron Man",
        "category": 5
    }
}, {
    "model": "products.subcategory",
    "pk": 22,
    "fields": {
        "name": "Deadpool",
        "category": 5
    }
}, {
    "model": "products.subcategory",
    "pk": 23,
    "fields": {
        "name": "Superman",
        "category": 6
    }
}, {
    "model": "products.subcategory",
    "pk": 24,
    "fields": {
        "name": "Batman",
        "category": 6
    }
}, {
    "model": "products.subcategory",
    "pk": 25,
    "fields": {
        "name": "Wonder Woman",
        "category": 6
    }
}, {
    "model": "products.subcategory",
    "pk": 26,
    "fields": {
        "name": "The Justice League",
        "category": 6
    }
}, {
    "model": "products.subcategory",
    "pk": 27,
    "fields": {
        "name": "Venom",
        "category": 5
    }
}, {
    "model": "products.subcategory",
    "pk": 28,
    "fields": {
        "name": "Thor",
        "category": 5
    }
}, {
    "model": "products.subcategory",
    "pk": 31,
    "fields": {
        "name": "Romance",
        "category": 8
    }
}, {
    "model": "products.subcategory",
    "pk": 32,
    "fields": {
        "name": "Myths",
        "category": 8
    }
}, {
    "model": "products.subcategory",
    "pk": 33,
    "fields": {
        "name": "Classic Crime",
        "category": 9
    }
}, {
    "model": "products.subcategory",
    "pk": 34,
    "fields": {
        "name": "True Crime",
        "category": 9
    }
}, {
    "model": "products.subcategory",
    "pk": 35,
    "fields": {
        "name": "Christian life",
        "category": 10
    }
}, {
    "model": "products.subcategory",
    "pk": 36,
    "fields": {
        "name": "Biography",
        "category": 11
    }
}, {
    "model": "products.subcategory",
    "pk": 37,
    "fields": {
        "name": "History",
        "category": 11
    }
}, {
    "model": "products.subcategory",
    "pk": 38,
    "fields": {
        "name": "Parenthood",
        "category": 11
    }
}, {
    "model": "products.subcategory",
    "pk": 39,
    "fields": {
        "name": "Guides",
        "category": 11
    }
}, {
    "model": "products.subcategory",
    "pk": 40,
    "fields": {
        "name": "Philosophy",
        "category": 11
    }
}, {
    "model": "products.subcategory",
    "pk": 41,
    "fields": {
        "name": "Adventure stories",
        "category": 12
    }
}, {
    "model": "products.subcategory",
    "pk": 42,
    "fields": {
        "name": "Fantasy fiction",
        "category": 13
    }
}, {
    "model": "products.subcategory",
    "pk": 43,
    "fields": {
        "name": "Juvenile Fiction",
        "category": 8
    }
}, {
    "model": "products.subcategory",
    "pk": 44,
    "fields": {
        "name": "American fiction",
        "category": 8
    }
}, {
    "model": "products.subcategory",
    "pk": 45,
    "fields": {
        "name": "English fiction",
        "category": 8
    }
}, {
    "model": "products.subcategory",
    "pk": 46,
    "fields": {
        "name": "Detective and mystery stories",
        "category": 9
    }
}, {
    "model": "products.subcategory",
    "pk": 47,
    "fields": {
        "name": "Mystery stories",
        "category": 9
    }
}, {
    "model": "products.subcategory",
    "pk": 48,
    "fields": {
        "name": "English drama",
        "category": 14
    }
}, {
    "model": "products.subcategory",
    "pk": 49,
    "fields": {
        "name": "Country life",
        "category": 14
    }
}, {
    "model": "products.subcategory",
    "pk": 50,
    "fields": {
        "name": "China",
        "category": 15
    }
}, {
    "model": "products.subcategory",
    "pk": 51,
    "fields": {
        "name": "Ireland",
        "category": 15
    }
}, {
    "model": "products.subcategory",
    "pk": 52,
    "fields": {
        "name": "Capitalism",
        "category": 17
    }
}, {
    "model": "products.subcategory",
    "pk": 53,
    "fields": {
        "name": "Business enterprises",
        "category": 17
    }
}, {
    "model": "products.product",
    "pk": 1,
    "fields": {
        "title": "Batman Vol.1: I Am Gotham (Rebirth)",
        "author": "Tom King",
        "price": "12.89",
        "description": "Batman is Gotham City's greatest protector. But now he's not alone. There are two new heroes in towna pair of masked metahumans with the powers of Superman and a devotion to preserving all that is good about this twisted city. Calling themselves Gotham and Gotham Girl, theyve saved Batmans life, fought by his side and learned from his example. \r\nBut what happens if Gothams new guardians go bad? What if they blame the Dark Knight for the darkness that threatens to drown their city? \r\nWhen sinister forces are unleashed that can warp the minds of men and make heroes into monsters, the time will come for Batman and his allies to decide once and for all: Is Gotham a force for goodor an engine of evil?",
        "category": 6,
        "subcategory": 24,
        "published_date": 2017,
        "publisher": "DC Comics",
        "isbn_13": "978140126777",
        "isbn_10": "1401267777",
        "rating": "4.40",
        "ratings_count": 1490,
        "image_url": null,
        "image": "batman-i-am-gotham-vol-1.jpg"
    }
}, {
    "model": "products.product",
    "pk": 2,
    "fields": {
        "title": "Iron Man",
        "author": "Fred Van Lente, David Michelinie , Bob Layton ,  Kurt Busiek",
        "price": "5.99",
        "description": "Iron Man is one of the greatest heroes in the Marvel Verse - and these are some of his most action-packed adventures! When the genius Tony Stark is held captive and forced to make weapons, his best chance of escaping lies in building the greatest weapon of all - the first version of the Iron Man armour! Then, Shellhead meets Webhead as Iron Man and Spider-Man team up to take down the deadly Radioactive Man! And when Tony Stark makes a dramatic public return to start the next chapter of his business life, a newly-souped-up Iron Man finds himself targeted for death! Finally, does Iron Man stand a ghost of a chance battling the Marvel-Verse's most fearsome armoured foe - the dastardly Doctor Doom?!",
        "category": 5,
        "subcategory": 21,
        "published_date": 2019,
        "publisher": "Marvel",
        "isbn_13": "978130292117",
        "isbn_10": null,
        "rating": "4.70",
        "ratings_count": 247,
        "image_url": null,
        "image": "iron-man-marvel-verse.jpg"
    }
}, {
    "model": "products.product",
    "pk": 5,
    "fields": {
        "title": "Spider Man",
        "author": "Paul Jenkins, Stan Lee, Steve Ditko",
        "price": "9.99",
        "description": "He's the most amazing, spectacular, sensational hero in all the Marvel-Verse - your friendly neighbourhood Spider-Man! And he's swinging into action in these incredible adventures! First, enjoy a modern spin on Spidey's classic origin tale of power and responsibility as a spider bite transforms the life of unpopular teen Peter Parker - for better and worse! Then, to save the life of his beloved Aunt May, Spidey must triumph against impossible odds and overcome an army of Doctor Octopus' goons in a character-defining classic from the legendary team of Stan Lee and Steve Ditko! And if that wasn't enough, the wallcrawler faces all his deadliest enemies - Doc Ock, Kraven the Hunter, Mysterio, Sandman, Electro and Vulture - banded together as the Sinister Six! Collecting: Mythos: Spider-Man (2007) 1, Amazing Spider-Man (1963) 32-33, Marvel Adventures Spider-Man (2005) 2-3",
        "category": 5,
        "subcategory": 20,
        "published_date": 2021,
        "publisher": "Marvel",
        "isbn_13": "978130293215",
        "isbn_10": "1302932152",
        "rating": "4.50",
        "ratings_count": 31,
        "image_url": null,
        "image": "spider-man-marvel-verse.jpg"
    }
}, {
    "model": "products.product",
    "pk": 6,
    "fields": {
        "title": "Venom",
        "author": "Nel Yomtov, David Michelinie, Bob Budiansky",
        "price": "10.99",
        "description": "Venom has been one of the most vicious villains in the Marvel-Verse - and one of its most lethal protectors! Get to know the sinister symbiote with some of his most action-packed adventures! It all begins with Spider-Man's symbiotic black costume - a killer outfit in more ways than one! And Spider-foes, including the Rhino and the Shocker, will find out just how dangerous it is! But after Spidey scorns and abandons the alien suit, the vengeful symbiote bonds with disgraced reporter Eddie Brock to become... Venom! Together, the two target Spider-Man for destruction - and nearly succeed' Venom eventually turns over a heroic new leaf - but how will Spidey react when his former deadliest foe swings back into town wanting to be... his friendly neighbourhood sidekick?!",
        "category": 5,
        "subcategory": 27,
        "published_date": 2020,
        "publisher": "Marvel",
        "isbn_13": "978130292535",
        "isbn_10": "1302925350",
        "rating": "4.60",
        "ratings_count": 48,
        "image_url": null,
        "image": "venom-marvel-verse.jpg"
    }
}, {
    "model": "products.product",
    "pk": 31,
    "fields": {
        "title": "Harry Potter and the Philosopher's Stone",
        "author": "J. K. Rowling",
        "price": "6.99",
        "description": "Harry Potter has never even heard of Hogwarts when the letters start dropping on the doormat at number four, Privet Drive. Addressed in green ink on yellowish parchment with a purple seal, they are swiftly confiscated by his grisly aunt and uncle. Then, on Harry's eleventh birthday, a great beetle-eyed giant of a man called Rubeus Hagrid bursts in with some astonishing news: Harry Potter is a wizard, and he has a place at Hogwarts School of Witchcraft and Wizardry. An incredible adventure is about to begin!",
        "category": 8,
        "subcategory": 43,
        "published_date": 2014,
        "publisher": "Bloomsbury Children's Books",
        "isbn_13": "978140885565",
        "isbn_10": null,
        "rating": "4.80",
        "ratings_count": 114679,
        "image_url": null,
        "image": "harry-porter-part-one.jpg"
    }
}, {
    "model": "products.product",
    "pk": 32,
    "fields": {
        "title": "Harry Potter and the Chamber of Secrets",
        "author": "J. K. Rowling",
        "price": "6.99",
        "description": "Harry Potters summer has included the worst birthday ever, doomy warnings from a house-elf called Dobby and rescue from the Dursleys by his friend Ron Weasley in a magical flying car! Back at Hogwarts School of Witchcraft and Wizardry for his second year, Harry hears strange whispers echo through empty corridors  and then the attacks start. Students are found as though turned to stone  Dobbys sinister predictions seem to be coming true.",
        "category": 8,
        "subcategory": 43,
        "published_date": 2014,
        "publisher": "Bloomsbury Children's Books",
        "isbn_13": "978140885566",
        "isbn_10": "140885566",
        "rating": "4.80",
        "ratings_count": 87979,
        "image_url": null,
        "image": "harry-porter-part-two.jpg"
    }
}, {
    "model": "products.product",
    "pk": 33,
    "fields": {
        "title": "Harry Potter and the Prisoner of Azkaban",
        "author": "J. K. Rowling",
        "price": "6.99",
        "description": "When the Knight Bus crashes through the darkness and screeches to a halt in front of him, it's the start of another far-from-ordinary year at Hogwarts for Harry Potter. Sirius Black, escaped mass-murderer and follower of Lord Voldemort, is on the run - and they say he is coming after Harry. In his first-ever Divination class, Professor Trelawney sees an omen of death in Harry's tea leaves. But perhaps most terrifying of all are the Dementors patrolling the school grounds with their soul-sucking Kiss.",
        "category": 8,
        "subcategory": 43,
        "published_date": null,
        "publisher": "Bloomsbury Children's Books",
        "isbn_13": "9781408855676",
        "isbn_10": "1408855674",
        "rating": "4.80",
        "ratings_count": 85090,
        "image_url": null,
        "image": "harry-porter-part-three.jpg"
    }
}, {
    "model": "products.product",
    "pk": 34,
    "fields": {
        "title": "Harry Potter and the Goblet of Fire",
        "author": "J. K. Rowling",
        "price": "6.99",
        "description": "The Triwizard Tournament is to be held at Hogwarts. Only wizards who are over seventeen are allowed to enter - but that doesn't stop Harry from dreaming that he will win the competition. Then, at Hallowe'en, when the Goblet of Fire makes its selection, Harry is amazed to find his name is one of those that the magical cup picks out. He will face death-defying tasks, dragons and Dark wizards, but with the help of his best friends, Ron and Hermione, he might just make it through - alive!",
        "category": 8,
        "subcategory": 43,
        "published_date": 2014,
        "publisher": "Bloomsbury Children's Books",
        "isbn_13": "9781408855683",
        "isbn_10": "1408855682",
        "rating": "4.80",
        "ratings_count": 77067,
        "image_url": null,
        "image": "harry-porter-part-four.jpg"
    }
}, {
    "model": "products.product",
    "pk": 35,
    "fields": {
        "title": "Harry Potter and the Order of the Phoenix",
        "author": "J. K. Rowling",
        "price": "6.99",
        "description": "Dark times have come to Hogwarts. After the Dementors' attack on his cousin Dudley, Harry Potter knows that Voldemort will stop at nothing to find him. There are many who deny the Dark Lord's return, but Harry is not alone: a secret order gathers at Grimmauld Place to fight against the Dark forces. Harry must allow Professor Snape to teach him how to protect himself from Voldemort's savage assaults on his mind. But they are growing stronger by the day and Harry is running out of time.",
        "category": 8,
        "subcategory": 43,
        "published_date": 2013,
        "publisher": "Bloomsbury Children's Books",
        "isbn_13": "9781408855690",
        "isbn_10": null,
        "rating": "4.80",
        "ratings_count": 77005,
        "image_url": null,
        "image": "harry-porter-part-five.jpg"
    }
}, {
    "model": "products.product",
    "pk": 36,
    "fields": {
        "title": "Harry Potter and the Half-Blood Prince",
        "author": "J. K. Rowling",
        "price": "6.99",
        "description": "When Dumbledore arrives at Privet Drive one summer night to collect Harry Potter, his wand hand is blackened and shrivelled, but he does not reveal why. Secrets and suspicion are spreading through the wizarding world, and Hogwarts is unsafe. Harry is convinced that Malfoy bears the Dark Mark: there is a Death Eater amongst them. Harry will need powerful magic and true friends as he explores Voldemort's darkest secrets, and Dumbledore prepares him to face his destiny.",
        "category": 8,
        "subcategory": 43,
        "published_date": 2014,
        "publisher": "Bloomsbury Children's Books",
        "isbn_13": "9781408855706",
        "isbn_10": null,
        "rating": "4.80",
        "ratings_count": 72699,
        "image_url": null,
        "image": "harry-porter-part-six.jpg"
    }
}, {
    "model": "products.product",
    "pk": 37,
    "fields": {
        "title": "Harry Potter and the Deathly Hallows",
        "author": "J. K. Rowling",
        "price": "6.99",
        "description": "As he climbs into the sidecar of Hagrid's motorbike and takes to the skies, leaving Privet Drive for the last time, Harry Potter knows that Lord Voldemort and the Death Eaters are not far behind. The protective charm that has kept Harry safe until now is broken, but he cannot keep hiding. The Dark Lord is breathing fear into everything Harry loves, and to stop him Harry will have to find and destroy the remaining Horcruxes. The final battle must begin - Harry must stand and face his enemy.",
        "category": 8,
        "subcategory": 43,
        "published_date": 2014,
        "publisher": "Bloomsbury Children's Books",
        "isbn_13": "9781408855713",
        "isbn_10": "1408855712",
        "rating": "4.90",
        "ratings_count": 88740,
        "image_url": null,
        "image": "harry-porter-part-seven.jpg"
    }
}, {
    "model": "products.product",
    "pk": 38,
    "fields": {
        "title": "Avengers (2023-) #1",
        "author": "Jed MacKay",
        "price": "7.99",
        "description": "JED MACKAY AND STORMBREAKER C.F. VILLA TAKE THE REINS OF EARTH'S MIGHTIEST HEROES! The Star. The Icon. The Witch. The Construct. The God. The Engineer. The King. The world is ever in peril, and a new team of Avengers mobilizes to meet any dangers that dare threaten the planet. But when TERMINUS attacks, a new and insidious danger rears its head: one that the Avengers know all too well and one that comes to them in the most dangerous of guises - that of a friend.",
        "category": 5,
        "subcategory": 19,
        "published_date": 2023,
        "publisher": "Marvel",
        "isbn_13": null,
        "isbn_10": null,
        "rating": "4.50",
        "ratings_count": 214,
        "image_url": null,
        "image": "avengers-2023-1.jpg"
    }
}, {
    "model": "products.product",
    "pk": 39,
    "fields": {
        "title": "Avengers (2023-) #2",
        "author": "Jed MacKay",
        "price": "7.99",
        "description": "The Avengers find themselves with a rare gift - foreknowledge of the dangers coming their way in the form of the deadly TRIBULATION EVENTS. But can this information be trusted? And can even Earth's Mightiest Heroes triumph in the face of cascading disaster?",
        "category": 5,
        "subcategory": 19,
        "published_date": 2023,
        "publisher": "Marvel",
        "isbn_13": null,
        "isbn_10": null,
        "rating": "4.42",
        "ratings_count": 170,
        "image_url": null,
        "image": "avengers-2023-2.jpg"
    }
}, {
    "model": "products.product",
    "pk": 40,
    "fields": {
        "title": "Avengers (2023-) #3",
        "author": "Jed MacKay",
        "price": "7.99",
        "description": "The first Tribulation Event strikes the Earth! The Avengers fly into action as the Ashen Combine - a collection of the Multiverse's greatest monsters - descends from the Impossible City to follow their respective appetites. Cityslayers all, pursuing the assassination of metropolitan areas for sport!",
        "category": 5,
        "subcategory": 19,
        "published_date": 2023,
        "publisher": "Marvel",
        "isbn_13": null,
        "isbn_10": null,
        "rating": "4.20",
        "ratings_count": 139,
        "image_url": null,
        "image": "avengers-2023-3.jpg"
    }
}, {
    "model": "products.product",
    "pk": 41,
    "fields": {
        "title": "Ave",
        "author": "Jed MacKay",
        "price": "7.99",
        "description": "The battle is joined as the Avengers race to combat the Ashen Combine. But with Lord Ennui, the Citysmith, Idol Alabaster, the Dead and Meridian Diadem scattered across the planet, each with their own city for prey, have the Avengers spread themselves too thin? United, the Avengers stand. But divided...?",
        "category": 5,
        "subcategory": 19,
        "published_date": 2023,
        "publisher": "Marvel",
        "isbn_13": null,
        "isbn_10": null,
        "rating": "4.30",
        "ratings_count": 152,
        "image_url": null,
        "image": "avengers-2023-4.jpg"
    }
}, {
    "model": "products.product",
    "pk": 42,
    "fields": {
        "title": "Avengers Annual (2023) #1",
        "author": "Stephanie Phillips",
        "price": "9.99",
        "description": "CONTEST OF CHAOS FINALE! When Agatha pits the Avengers against the winners of the previous chaotic battles, they realize they must choose between saving their friends and stopping the creation of the new Darkhold. But their choice may have consequences that no one - not even Agatha - could have imagined.",
        "category": 5,
        "subcategory": 19,
        "published_date": 2023,
        "publisher": "Marvel",
        "isbn_13": null,
        "isbn_10": null,
        "rating": "3.80",
        "ratings_count": 68,
        "image_url": null,
        "image": "avengers-anual-2023-1.jpg"
    }
}, {
    "model": "products.product",
    "pk": 43,
    "fields": {
        "title": "Avengers (2023-) #5",
        "author": "Jed MacKay",
        "price": "7.99",
        "description": "Battle zone: Vatican City. God vs. living godhead as Thor battles Idol Alabaster. Battle zone: Sydney. Witch vs. revenant as the Scarlet Witch wages war upon the Dead. Battle zone: Toronto. Engineer vs. artist as Iron Man clashes with the Citysmith. Assembled, the Avengers are invincible. But separated, how can they triumph?",
        "category": 5,
        "subcategory": 19,
        "published_date": 2023,
        "publisher": "Marvel",
        "isbn_13": null,
        "isbn_10": null,
        "rating": "4.30",
        "ratings_count": 132,
        "image_url": null,
        "image": "avengers-2023-5.jpg"
    }
}, {
    "model": "products.product",
    "pk": 44,
    "fields": {
        "title": "Avengers (2023-) #6",
        "author": "Jed MacKay, Kalinda Vazquez",
        "price": "7.99",
        "description": "The Avengers' battle with the Ashen Combine comes to a head - and one will fall. But will the Impossible City fall with them, and what kind of doom might fall upon the Earth as a consequence? Plus: A bonus story celebrating Latin/Latinx heroes and creators!",
        "category": 5,
        "subcategory": 19,
        "published_date": 2023,
        "publisher": "Marvel",
        "isbn_13": null,
        "isbn_10": null,
        "rating": "4.30",
        "ratings_count": 112,
        "image_url": null,
        "image": "avengers-2023-6.jpg"
    }
}, {
    "model": "products.product",
    "pk": 45,
    "fields": {
        "title": "Avengers (2023-) #7",
        "author": "Jed MacKay",
        "price": "8.99",
        "description": "ALL-NEW STORY ARC STARTS HERE! The Avengers defend the world - but they are beginning not to recognize the world as their own. What has happened to Earth's Mightiest Heroes, and...what has happened to the Vision?",
        "category": 5,
        "subcategory": 19,
        "published_date": 2023,
        "publisher": "Marvel",
        "isbn_13": null,
        "isbn_10": null,
        "rating": "4.20",
        "ratings_count": 100,
        "image_url": null,
        "image": "avengers-2023-7.jpg"
    }
}, {
    "model": "products.product",
    "pk": 46,
    "fields": {
        "title": "Avengers (2023-) #8",
        "author": "Jed MacKay",
        "price": "8.99",
        "description": "Trapped in a world they never made, the Avengers struggle to break free - while one of their number fights their own hopeless battle against Myrddin and his Twilight Court! But Avengers never fight alone- and the most dangerous Avenger joins the conflict!",
        "category": 5,
        "subcategory": 19,
        "published_date": 2023,
        "publisher": "Marvel",
        "isbn_13": null,
        "isbn_10": null,
        "rating": "4.20",
        "ratings_count": 86,
        "image_url": null,
        "image": "avengers-2023-8.jpg"
    }
}, {
    "model": "products.product",
    "pk": 47,
    "fields": {
        "title": "Avengers (2023-) #9",
        "author": "Jed MacKay",
        "price": "8.99",
        "description": "The Avengers battle the Twilight Court...for the sake of Kang the Conqueror? The Twilight Court wishes to bring Kang to justice, but the Avengers still have need of the comatose conqueror. Which side can claim to truly be just?",
        "category": 5,
        "subcategory": 19,
        "published_date": 2023,
        "publisher": "Marvel",
        "isbn_13": null,
        "isbn_10": null,
        "rating": "4.30",
        "ratings_count": 76,
        "image_url": null,
        "image": "avengers-2023-9.jpg"
    }
}, {
    "model": "products.product",
    "pk": 48,
    "fields": {
        "title": "Avengers (2023-) #10",
        "author": "Jed MacKay",
        "price": "8.99",
        "description": "As the Avengers battle the Twilight Court, the mysterious Myrddin has his rival within reach. With Kang being the only source of information the Avengers have regarding the Tribulation Events, can the Avengers save him before Myrddin strikes?",
        "category": 5,
        "subcategory": 19,
        "published_date": 2023,
        "publisher": "Marvel",
        "isbn_13": null,
        "isbn_10": null,
        "rating": "4.20",
        "ratings_count": 59,
        "image_url": null,
        "image": "avengers-2023-10.jpg"
    }
}, {
    "model": "products.product",
    "pk": 49,
    "fields": {
        "title": "Avengers (2023-) #11",
        "author": "Jed MacKay",
        "price": "8.99",
        "description": "The Avengers watch over the planet from their orbital super-fortress, the Impossible City. But a headquarters is not necessarily a home, and on new territory, the Avengers are vulnerable - which calls for one of their oldest allies to come to their aid! ENTER: EDWIN JARVIS!",
        "category": 5,
        "subcategory": 19,
        "published_date": 2023,
        "publisher": "Marvel",
        "isbn_13": null,
        "isbn_10": null,
        "rating": "4.50",
        "ratings_count": 216,
        "image_url": null,
        "image": "avengers-2023-11.jpg"
    }
}, {
    "model": "products.product",
    "pk": 50,
    "fields": {
        "title": "Avengers (2023-) #12",
        "author": "Jed MacKay",
        "price": "9.50",
        "description": "The FALL OF X comes for Earth's Mightiest heroes! The Avengers have hung in space over the Earth, a sword of Damocles over Orchis, for too long. But knowing they had only one chance to strike, they waited while Iron Man prepared. Now, on his signal, it is time, and the Avengers only know one way to strike: hard!",
        "category": 5,
        "subcategory": 19,
        "published_date": 2023,
        "publisher": "Marvel",
        "isbn_13": null,
        "isbn_10": null,
        "rating": "4.70",
        "ratings_count": 348,
        "image_url": null,
        "image": "avengers-2023-12.jpg"
    }
}, {
    "model": "products.product",
    "pk": 51,
    "fields": {
        "title": "Avengers (2023-) #13",
        "author": "Jed MacKay",
        "price": "9.50",
        "description": "THE AVENGERS VERSUS THE STARK SENTINEL PROGRAM! Orchis' counterstrike puts the Avengers on the back foot as the true extent of the Stark Sentinel program is revealed. Can Earth's Mightiest Heroes stand against impossible odds? Or will they fall against the metal onslaught?",
        "category": 5,
        "subcategory": 19,
        "published_date": 2024,
        "publisher": "Marvel",
        "isbn_13": null,
        "isbn_10": null,
        "rating": "4.70",
        "ratings_count": 245,
        "image_url": null,
        "image": "avengers-2023-13.jpg"
    }
}, {
    "model": "products.product",
    "pk": 54,
    "fields": {
        "title": "testBook",
        "author": "Some",
        "price": "2.11",
        "description": "text",
        "category": 12,
        "subcategory": null,
        "published_date": null,
        "publisher": null,
        "isbn_13": null,
        "isbn_10": null,
        "rating": "1.18",
        "ratings_count": null,
        "image_url": null,
        "image": ""
    }
}, {
    "model": "products.product",
    "pk": 55,
    "fields": {
        "title": "testComic",
        "author": "asddsad",
        "price": "1.13",
        "description": "sdfads",
        "category": 6,
        "subcategory": 24,
        "published_date": null,
        "publisher": null,
        "isbn_13": null,
        "isbn_10": null,
        "rating": "2.30",
        "ratings_count": null,
        "image_url": null,
        "image": ""
    }
}, {
    "model": "products.product",
    "pk": 56,
    "fields": {
        "title": "ChildrenBook",
        "author": "asdfdas",
        "price": "4.25",
        "description": "sadfasdfs",
        "category": 16,
        "subcategory": null,
        "published_date": null,
        "publisher": null,
        "isbn_13": null,
        "isbn_10": null,
        "rating": "0.00",
        "ratings_count": null,
        "image_url": null,
        "image": ""
    }
}, {
    "model": "products.book",
    "pk": 31,
    "fields": {
        "subtitle": "(Harry Potter, 1)",
        "num_pages": 352,
        "genre": null,
        "cover": "paperback"
    }
}, {
    "model": "products.book",
    "pk": 32,
    "fields": {
        "subtitle": "(Harry Potter, 2)",
        "num_pages": 384,
        "genre": null,
        "cover": "paperback"
    }
}, {
    "model": "products.book",
    "pk": 33,
    "fields": {
        "subtitle": "(Harry Potter, 3)",
        "num_pages": 480,
        "genre": null,
        "cover": "paperback"
    }
}, {
    "model": "products.book",
    "pk": 34,
    "fields": {
        "subtitle": "(Harry Potter, 4)",
        "num_pages": 640,
        "genre": null,
        "cover": "paperback"
    }
}, {
    "model": "products.book",
    "pk": 35,
    "fields": {
        "subtitle": "(Harry Potter, 5)",
        "num_pages": 816,
        "genre": null,
        "cover": "paperback"
    }
}, {
    "model": "products.book",
    "pk": 36,
    "fields": {
        "subtitle": "(Harry Potter, 6)",
        "num_pages": 560,
        "genre": null,
        "cover": "paperback"
    }
}, {
    "model": "products.book",
    "pk": 37,
    "fields": {
        "subtitle": "(Harry Potter, 7)",
        "num_pages": 640,
        "genre": null,
        "cover": "paperback"
    }
}, {
    "model": "products.book",
    "pk": 54,
    "fields": {
        "subtitle": null,
        "num_pages": null,
        "genre": null,
        "cover": null
    }
}, {
    "model": "products.book",
    "pk": 56,
    "fields": {
        "subtitle": null,
        "num_pages": null,
        "genre": null,
        "cover": null
    }
}, {
    "model": "products.comic",
    "pk": 1,
    "fields": {
        "series": "Batman (2016-)",
        "age_rating": "+13",
        "illustrator": "David Finch",
        "cover_artist": "Mikel Janin"
    }
}, {
    "model": "products.comic",
    "pk": 2,
    "fields": {
        "series": "Marvel-Verse",
        "age_rating": "+10",
        "illustrator": "David Marquez",
        "cover_artist": "James Cordeiro, Graham Nolan, Jackson Guice, Sean Chen"
    }
}, {
    "model": "products.comic",
    "pk": 5,
    "fields": {
        "series": "Marvel-Verse",
        "age_rating": "+10",
        "illustrator": "Steve Ditko, Patrick Scherberger",
        "cover_artist": "Paolo Rivera"
    }
}, {
    "model": "products.comic",
    "pk": 6,
    "fields": {
        "series": "Marvel-Verse",
        "age_rating": "+10",
        "illustrator": null,
        "cover_artist": null
    }
}, {
    "model": "products.comic",
    "pk": 38,
    "fields": {
        "series": "Avengers (2023-)",
        "age_rating": "+10",
        "illustrator": "C. F. Villa",
        "cover_artist": "Stuart Immonen"
    }
}, {
    "model": "products.comic",
    "pk": 39,
    "fields": {
        "series": "Avengers (2023-)",
        "age_rating": "+10",
        "illustrator": "C. F. Villa",
        "cover_artist": "Stuart Immonen"
    }
}, {
    "model": "products.comic",
    "pk": 40,
    "fields": {
        "series": "Avengers (2023-)",
        "age_rating": "+10",
        "illustrator": "C. F. Villa",
        "cover_artist": "Stuart Immonen"
    }
}, {
    "model": "products.comic",
    "pk": 41,
    "fields": {
        "series": "Avengers (2023-)",
        "age_rating": "+10",
        "illustrator": "C. F. Villa",
        "cover_artist": "Stuart Immonen"
    }
}, {
    "model": "products.comic",
    "pk": 42,
    "fields": {
        "series": "Avengers (2023-)",
        "age_rating": "+10",
        "illustrator": "Alberto Foche",
        "cover_artist": "Paco Medina"
    }
}, {
    "model": "products.comic",
    "pk": 43,
    "fields": {
        "series": "Avengers (2023-)",
        "age_rating": "+10",
        "illustrator": "C. F. Villa",
        "cover_artist": "Stuart Immonen"
    }
}, {
    "model": "products.comic",
    "pk": 44,
    "fields": {
        "series": "Avengers (2023-)",
        "age_rating": "+10",
        "illustrator": "Ivan Fiorelli, Alba Glez",
        "cover_artist": "Stuart Immonen"
    }
}, {
    "model": "products.comic",
    "pk": 45,
    "fields": {
        "series": "Avengers (2023-)",
        "age_rating": "+10",
        "illustrator": "C. F. Villa",
        "cover_artist": "Stuart Immonen"
    }
}, {
    "model": "products.comic",
    "pk": 46,
    "fields": {
        "series": "Avengers (2023-)",
        "age_rating": "+13",
        "illustrator": "C. F. Villa",
        "cover_artist": "Stuart Immonen"
    }
}, {
    "model": "products.comic",
    "pk": 47,
    "fields": {
        "series": "Avengers (2023-)",
        "age_rating": "+10",
        "illustrator": "C. F. Villa",
        "cover_artist": "Stuart Immonen"
    }
}, {
    "model": "products.comic",
    "pk": 48,
    "fields": {
        "series": "Avengers (2023-)",
        "age_rating": "+10",
        "illustrator": "C. F. Villa",
        "cover_artist": "Stuart Immonen"
    }
}, {
    "model": "products.comic",
    "pk": 49,
    "fields": {
        "series": "Avengers (2023-)",
        "age_rating": "+10",
        "illustrator": "C. F. Villa",
        "cover_artist": "Stuart Immonen"
    }
}, {
    "model": "products.comic",
    "pk": 50,
    "fields": {
        "series": "Avengers (2023-)",
        "age_rating": "+10",
        "illustrator": "Francesco Mortarino",
        "cover_artist": "Stuart Immonen"
    }
}, {
    "model": "products.comic",
    "pk": 51,
    "fields": {
        "series": "Avengers (2023-)",
        "age_rating": "+10",
        "illustrator": "Francesco Mortarino",
        "cover_artist": "Joshua Cassara"
    }
}, {
    "model": "products.comic",
    "pk": 55,
    "fields": {
        "series": null,
        "age_rating": null,
        "illustrator": null,
        "cover_artist": null
    }
}, {
    "model": "products.review",
    "pk": 5,
    "fields": {
        "product": 1,
        "name": "admin",
        "email": "admin@email.com",
        "body": "Review Test",
        "created_on": "2024-02-22T23:22:31.851Z",
        "approved": true
    }
}, {
    "model": "products.review",
    "pk": 6,
    "fields": {
        "product": 1,
        "name": "admin",
        "email": "admin@email.com",
        "body": "This is my second review",
        "created_on": "2024-02-23T22:21:36.446Z",
        "approved": true
    }
}, {
    "model": "products.review",
    "pk": 7,
    "fields": {
        "product": 1,
        "name": "admin",
        "email": "admin@email.com",
        "body": "Now It is my third review - test",
        "created_on": "2024-02-23T23:54:15.107Z",
        "approved": true
    }
}]